index:ID,director,:LABEL
20001,谷口悟朗,导演
20002,埃里克·布雷斯,导演
20003,AlexHaughey,导演
20004,克里斯蒂安·瑞沃斯,导演
20005,곽영근,导演
20006,KarenDisher,导演
20007,许宏宇,导演
20008,朱利叶斯·约拿,导演
20009,罗伯·明可夫,导演
20010,大卫·林奇,导演
20011,拉希·阿尼尔·巴夫,导演
20012,杨永春,导演
20013,彼德·卡索维茨,导演
20014,斯科特·摩西尔,导演
20015,许警文,导演
20016,三浦大辅,导演
20017,张毅,导演
20018,金秉祐,导演
20019,成濑巳喜男,导演
20020,哈罗德·雷米斯,导演
20021,莉莉·沃卓斯基,导演
20022,周全,导演
20023,凯伦·孟可芙,导演
20024,连姆·O·达诺,导演
20025,山田尚子,导演
20026,卡米拉·瑟曼,导演
20027,罗伯·莱纳,导演
20028,琳恩·拉姆塞,导演
20029,拜伦·霍华德,导演
20030,勝間田具治,导演
20031,J.P.Dutta,导演
20032,谢晋,导演
20033,石田祐康,导演
20034,杰森·斯通,导演
20035,罗勒·莎菲,导演
20036,克里斯托弗·列昂,导演
20037,李锡根,导演
20038,钱泠泠,导演
20039,英格玛·伯格曼,导演
20040,丹尼斯·维伦纽瓦,导演
20041,立川让,导演
20042,皮埃尔·沙尔瓦多利,导演
20043,张立嘉,导演
20044,松永大司,导演
20045,中田秀夫,导演
20046,伊藤尚往,导演
20047,理查德·斯塔扎克,导演
20048,伊丹十三,导演
20049,保罗·施拉德,导演
20050,李韩昱,导演
20051,罗布·格林伯格,导演
20052,水崎淳平,导演
20053,雷德利·斯科特,导演
20054,森田宏幸,导演
20055,伊桑·斯波尔丁,导演
20056,温子仁,导演
20057,万籁鸣,导演
20058,马塞尔·吉斯莱,导演
20059,桥口亮辅,导演
20060,山姆·伍德,导演
20061,板尾创路,导演
20062,张大鹏,导演
20063,克雷格·吉勒斯佩,导演
20064,罗伯特·泽米吉斯,导演
20065,PatrickMagee,导演
20066,松太加,导演
20067,亚当·艾略特,导演
20068,이창희,导演
20069,谢雷·福克森,导演
20070,加斯帕·诺,导演
20071,帕特里克·英伯特,导演
20072,米歇尔·阿扎纳维西于斯,导演
20073,莫里斯·恩格尔,导演
20074,李濬益,导演
20075,布茨·赖利,导演
20076,王丹,导演
20077,加仑·T·楚,导演
20078,达米安·斯兹弗隆,导演
20079,新海诚,导演
20080,FedericoD'Alessandro,导演
20081,亚历杭德罗·戈麦斯·蒙特维尔德,导演
20082,德米安·鲁格纳,导演
20083,彼得·杰克逊,导演
20084,吴兆麟,导演
20085,格恩迪·塔塔科夫斯基,导演
20086,文森特·帕塔尔,导演
20087,费德·阿尔瓦雷兹,导演
20088,杰赛普·斯塔西,导演
20089,詹姆斯·麦克特格,导演
20090,IvanShurkhovetskiy,导演
20091,王启蘅,导演
20092,毕赣,导演
20093,SvyatoslavPodgaevskiy,导演
20094,韦斯·安德森,导演
20095,孙野,导演
20096,彼得·赫奇斯,导演
20097,马克斯·奥菲尔斯,导演
20098,曾翠珊,导演
20099,黄健中,导演
20100,乔斯·韦登,导演
20101,欧·帕克,导演
20102,杰克·高德,导演
20103,奥利维埃·纳卡什,导演
20104,李昕芸,导演
20105,HasrafDulull,导演
20106,曹保平,导演
20107,贾森·雷特曼,导演
20108,弗兰克·马歇尔,导演
20109,徐啸力,导演
20110,陈静,导演
20111,丁亮,导演
20112,阿列克赛·西多洛夫,导演
20113,JonathanHopkins,导演
20114,汤姆·摩尔,导演
20115,温河,导演
20116,李晨,导演
20117,曹近铉,导演
20118,孟瑀,导演
20119,巴塔萨·科马库,导演
20120,娜丁·拉巴基,导演
20121,法提赫·阿金,导演
20122,김경택,导演
20123,安德烈·萨金塞夫,导演
20124,袁菲,导演
20125,欧文·艾格顿,导演
20126,郑芬芬,导演
20127,何澄,导演
20128,亚当·温加德,导演
20129,孙海鹏,导演
20130,水岛努,导演
20131,禹岚馨,导演
20132,乔纳斯·阿克伦德,导演
20133,佐藤祐市,导演
20134,洛朗·蒂拉尔,导演
20135,河浪荣作,导演
20136,艾什·布兰农,导演
20137,西奥多·梅尔菲,导演
20138,甘·方苏旺,导演
20139,雅克·特纳,导演
20140,柯克·德·米科,导演
20141,五十岚卓哉,导演
20142,克里斯托夫·卢尔德莱,导演
20143,洛芙琳·坦丹,导演
20144,费尔南多·梅里尔斯,导演
20145,李克龙,导演
20146,迈克尔·柯蒂兹,导演
20147,韩延,导演
20148,尹鸿承,导演
20149,李安奎,导演
20150,闫非,导演
20151,格蕾塔·葛韦格,导演
20152,严宥娜,导演
20153,郭暻泽,导演
20154,越川道夫,导演
20155,徐耿,导演
20156,道格·墨菲,导演
20157,斯蒂文·S·迪奈特,导演
20158,路易·马勒,导演
20159,罗伯特·斯特罗姆伯格,导演
20160,乔纳森·莫斯托,导演
20161,刘炜,导演
20162,林汇达,导演
20163,朱利安·勒克莱克,导演
20164,卡梅伦·克罗,导演
20165,约翰内斯·罗伯茨,导演
20166,古斯塔沃·埃尔南德斯,导演
20167,HamiltonLuske,导演
20168,米科·马克拉,导演
20169,连奕琦,导演
20170,巴斯特·基顿,导演
20171,亚当·麦凯,导演
20172,权炯辰,导演
20173,理查德·柯蒂斯,导演
20174,大卫·洛维,导演
20175,细田守,导演
20176,盖瑞·温尼克,导演
20177,维姆·文德斯,导演
20178,古泽健,导演
20179,PrositRoy,导演
20180,乔恩·卢卡斯,导演
20181,五百,导演
20182,拉杰·尼迪莫卢,导演
20183,曾国祥,导演
20184,娄烨,导演
20185,榊英雄,导演
20186,理查德·隆克瑞恩,导演
20187,西娅·夏罗克,导演
20188,武内宣之,导演
20189,杨亚洲,导演
20190,任鹏远,导演
20191,塔雷克·布达里,导演
20192,马修·M·罗斯,导演
20193,AlbertoCavalcanti,导演
20194,罗兰·艾默里奇,导演
20195,萧雅全,导演
20196,扎克·希尔迪奇,导演
20197,比利·怀德,导演
20198,长谷川和彦,导演
20199,姜炯哲,导演
20200,迈克尔·贝,导演
20201,彭力,导演
20202,陈国富,导演
20203,CliveTonge,导演
20204,北村龙平,导演
20205,MikeP.Nelson,导演
20206,陈可辛,导演
20207,郑凡植,导演
20208,岛村达雄,导演
20209,福田雄一,导演
20210,保罗·托马斯·安德森,导演
20211,本·C·卢卡斯,导演
20212,竹内良贵,导演
20213,三木康一郎,导演
20214,郑保瑞,导演
20215,郭德纲,导演
20216,田羽生,导演
20217,彭顺,导演
20218,斯科特·克里斯汀·萨瓦,导演
20219,艾斯彭·山德伯格,导演
20220,李海蜀,导演
20221,威廉姆·H·梅西,导演
20222,雷尼·哈林,导演
20223,史蒂文·索德伯格,导演
20224,卢恒宇,导演
20225,冨永昌敬,导演
20226,克利姆·希片科,导演
20227,布拉迪·科贝特,导演
20228,金成勋,导演
20229,本杰明·阿尔弗曼,导演
20230,内田贤治,导演
20231,犬童一心,导演
20232,许俊亨,导演
20233,鲍勃·洛根,导演
20234,阿德瓦·香登,导演
20235,乔奎因·科西纳,导演
20236,戴金垸,导演
20237,阚若涵,导演
20238,安德斯·穆斯切蒂,导演
20239,J·麦基·格鲁伯,导演
20240,严定宪,导演
20241,索分·沙达菲斯,导演
20242,乔治·克鲁尼,导演
20243,J·J·艾布拉姆斯,导演
20244,科斯汀·谢里丹,导演
20245,内藤瑛亮,导演
20246,萨布,导演
20247,卡罗尔·巴拉德,导演
20248,弗朗西斯·韦贝尔,导演
20249,戴维·汉德,导演
20250,西田征史,导演
20251,冯德伦,导演
20252,艾斯林·沃什,导演
20253,秋昌旼,导演
20254,이리단,导演
20255,克里斯托弗·诺兰,导演
20256,饭塚健,导演
20257,杨磊,导演
20258,马基德·马基迪,导演
20259,布莱恩·辛格,导演
20260,彼得·拉姆齐,导演
20261,欧嘉·查达斯,导演
20262,管虎,导演
20263,什里·那拉扬·辛,导演
20264,阿里·艾斯特,导演
20265,沃什·韦斯特摩兰,导演
20266,卡米尔·维达-那克,导演
20267,周美玲,导演
20268,李燕宁,导演
20269,PatriciaWheatley,导演
20270,约翰·卡萨维蒂,导演
20271,李沧东,导演
20272,诺曼·杰威森,导演
20273,张杨,导演
20274,郑大圣,导演
20275,马丁·迪乌斯,导演
20276,今敏,导演
20277,麻生学,导演
20278,唐澄,导演
20279,维克多·艾里斯,导演
20280,本尼迪克·埃灵格松,导演
20281,张洋,导演
20282,杰克·卡斯丹,导演
20283,王超,导演
20284,张经纬,导演
20285,金勇完,导演
20286,亚当·格林,导演
20287,帕维乌·帕夫利科夫斯基,导演
20288,丁晟,导演
20289,斯科特·曼,导演
20290,巴斯卡·劳吉哈,导演
20291,史蒂夫·伦纳德,导演
20292,洪昌杓,导演
20293,乔尔·霍普金斯,导演
20294,施雅雅,导演
20295,中村哲平,导演
20296,贝萨妮·阿什顿·沃尔夫,导演
20297,戴玮,导演
20298,檀冰,导演
20299,庄绚维,导演
20300,斯蒂文·奈特,导演
20301,河合勇人,导演
20302,伍仕贤,导演
20303,菲尔·沃尔肯,导演
20304,乔纳森·戴顿,导演
20305,沃尔特·塞勒斯,导演
20306,乔·佩那,导演
20307,吉勒·巴盖特-布赫内,导演
20308,李杰,导演
20309,罗伯特·Z·伦纳德,导演
20310,郑胤澈,导演
20311,赛尔乔·莱昂内,导演
20312,拉华加,导演
20313,李春啸,导演
20314,冲浦启之,导演
20315,宫崎骏,导演
20316,碧昂丝·诺尔斯,导演
20317,多洛塔·科别拉,导演
20318,陈加玲,导演
20319,欧文杰,导演
20320,拉斯·克劳梅,导演
20321,马克·西尔弗斯坦,导演
20322,林超贤,导演
20323,迈克·米切尔,导演
20324,罗泓轸,导演
20325,马俪文,导演
20326,徐浩峰,导演
20327,克里斯托夫·奥诺雷,导演
20328,清水崇,导演
20329,尤里斯·范·侯辛,导演
20330,萨米埃尔·本谢特里,导演
20331,纪吉雄,导演
20332,金成洙,导演
20333,郑义信,导演
20334,尼克·卡萨维茨,导演
20335,彼得·哈钦斯,导演
20336,姜凯阳,导演
20337,陈廖宇,导演
20338,普特鹏·普罗萨卡·那·萨克那卡林,导演
20339,佩顿·里德,导演
20340,胡安·安东尼奥·巴亚纳,导演
20341,马克·沃特斯,导演
20342,张天辉,导演
20343,庄文强,导演
20344,小泉尧史,导演
20345,张猛,导演
20346,Woo-seokSeo,导演
20347,贾尼克·法伊济耶夫,导演
20348,山田洋次,导演
20349,贾斯汀·凯利,导演
20350,何念,导演
20351,保罗·奥斯特,导演
20352,尼科莱·弗格西格,导演
20353,吴琴,导演
20354,马丁·斯科塞斯,导演
20355,萨基特·乔杜里,导演
20356,王竞,导演
20357,托尼·克莱格,导演
20358,罗纳尔多·德尔·卡门,导演
20359,斯科特·斯皮尔,导演
20360,邱礼涛,导演
20361,凯·波拉克,导演
20362,蓝志伟,导演
20363,覃傑,导演
20364,内维尔·阿斯特利,导演
20365,黄美娜,导演
20366,陈卓,导演
20367,荒牧伸志,导演
20368,高力强,导演
20369,张博,导演
20370,忻钰坤,导演
20371,迈克·皮尔斯,导演
20372,HarryKupfer,导演
20373,韩彦博,导演
20374,阿卡季·萨赫拉什维利,导演
20375,布拉德·佩顿,导演
20376,卡洛斯·沙尔丹哈,导演
20377,埃莱奥诺尔·普里亚,导演
20378,金承仁,导演
20379,吴克群,导演
20380,金旻昊,导演
20381,马提欧·加洛尼,导演
20382,大卫·弗兰科尔,导演
20383,克莱尔·德尼,导演
20384,入江悠,导演
20385,三池崇史,导演
20386,比利·奥古斯特,导演
20387,杜汶泽,导演
20388,弗兰克·德拉邦特,导演
20389,今村昌平,导演
20390,迈克·尼科尔斯,导演
20391,赵强,导演
20392,拉斯·冯·提尔,导演
20393,BrianO'Malley,导演
20394,比约恩·荣格,导演
20395,乔治·米勒,导演
20396,肯·卡皮斯,导演
20397,约翰·迈克菲尔,导演
20398,金周焕,导演
20399,卡比尔·汗,导演
20400,拉伊科·格尔利奇,导演
20401,拉达·巴拉华,导演
20402,李德熙,导演
20403,米密·莱德,导演
20404,阿瑟·罗森,导演
20405,黄朝亮,导演
20406,古桥一浩,导演
20407,斯派克·琼斯,导演
20408,安国真,导演
20409,龙子乔,导演
20410,胡昀皓,导演
20411,克里斯托夫·查理尔,导演
20412,托马斯·温特伯格,导演
20413,韦家辉,导演
20414,大卫·阿耶,导演
20415,托尼·蒂尔斯,导演
20416,沃尔夫冈·穆尔恩贝格,导演
20417,巴巴克·纳加非,导演
20418,竹原青,导演
20419,尤兰达·拉姆克,导演
20420,小林政广,导演
20421,莫希特·苏里,导演
20422,哈维尔·费舍尔,导演
20423,托德·海因斯,导演
20424,岸善幸,导演
20425,关锦鹏,导演
20426,布拉德·伯德,导演
20427,水谷丰,导演
20428,刘淌,导演
20429,于淼,导演
20430,武国越,导演
20431,厄尼·巴巴拉什,导演
20432,章明,导演
20433,约翰·李·汉考克,导演
20434,大卫·罗伯特·米切尔,导演
20435,大卫·道金,导演
20436,高群书,导演
20437,托马斯·斯图伯,导演
20438,崔成贤,导演
20439,梅沢壮一,导演
20440,加斯·詹宁斯,导演
20441,苏文圣,导演
20442,多米尼克·库克,导演
20443,崔国熙,导演
20444,马里亚诺·寇恩,导演
20445,彭秀慧,导演
20446,汤姆·麦卡锡,导演
20447,文牧野,导演
20448,汤山邦彦,导演
20449,大卫·布鲁克纳,导演
20450,陈木胜,导演
20451,诺拉·托梅,导演
20452,斯蒂芬·思科,导演
20453,克里斯蒂安·佩措尔德,导演
20454,陈怀夫,导演
20455,约翰·G·布莱斯通,导演
20456,筱原哲雄,导演
20457,韦恩·叶,导演
20458,金知云,导演
20459,迈克尔·科斯塔,导演
20460,回宇,导演
20461,郑在恩,导演
20462,片桐健滋,导演
20463,徐昂,导演
20464,桑杰·里拉·彭萨里,导演
20465,迈克·内威尔,导演
20466,罗阿尔·乌索格,导演
20467,尼古拉斯·麦卡锡,导演
20468,格雷戈里·普罗金,导演
20469,张艾嘉,导演
20470,延尚昊,导演
20471,吉田恵辅,导演
20472,近藤喜文,导演
20473,仇晟,导演
20474,张宰贤,导演
20475,福泽克雄,导演
20476,노현진,导演
20477,郭春晖,导演
20478,迪安·德夫林,导演
20479,相米慎二,导演
20480,姜文,导演
20481,崔永徽​​,导演
20482,让·贝克,导演
20483,昆汀·塔伦蒂诺,导演
20484,内田吐梦,导演
20485,ZeekEarl,导演
20486,彼得·马洛塔,导演
20487,本·扬,导演
20488,杰米·奇尔兹,导演
20489,DonMichaelPaul,导演
20490,沃尔克·施隆多夫,导演
20491,李智媛,导演
20492,维贾伊·克利须那·阿查里雅,导演
20493,朴熙坤,导演
20494,亚历山大·阿卡迪,导演
20495,魏德圣,导演
20496,克里斯托弗·史密斯,导演
20497,吴有音,导演
20498,格雷姆·克利福德,导演
20499,林京泽,导演
20500,陈友,导演
20501,李·克罗宁,导演
20502,生野慈朗,导演
20503,亚利桑德罗·冈萨雷斯·伊纳里图,导演
20504,麦兆辉,导演
20505,爱德华·贝尔格,导演
20506,查尔斯·斯通三世,导演
20507,萨拉萨瓦蒂·翁索姆佩奇,导演
20508,雪莉·乔普拉·达尔,导演
20509,克里斯蒂·卡本纳,导演
20510,保罗·哈吉斯,导演
20511,赵锐,导演
20512,加布里埃莱·穆奇诺,导演
20513,郭在容,导演
20514,谢涤葵,导演
20515,赛斯·戈登,导演
20516,汪洋,导演
20517,汤姆·埃德蒙兹,导演
20518,阿兰·夏巴,导演
20519,杰夫·瓦德洛,导演
20520,李惠民,导演
20521,西达夫·马贺拉,导演
20522,秦小珍,导演
20523,梅峰,导演
20524,杨浩烨,导演
20525,基思·贝尔曼,导演
20526,兰德尔·克莱泽,导演
20527,瑞奇·摩尔,导演
20528,英勉,导演
20529,朴光铉,导演
20530,李玉,导演
20531,阿兰·葛斯彭纳,导演
20532,元永庆太郎,导演
20533,诺亚·鲍姆巴赫,导演
20534,史蒂夫·马蒂诺,导演
20535,维克多·萨尔瓦,导演
20536,MichaelS.Ojeda,导演
20537,伊姆提阿兹·阿里,导演
20538,特拉维斯·米洛伊,导演
20539,斯坦利·库布里克,导演
20540,申东烨,导演
20541,奥逊·威尔斯,导演
20542,阎羽茜,导演
20543,罗启锐,导演
20544,小中和哉,导演
20545,大卫·F·桑德伯格,导演
20546,鹏飞,导演
20547,斯科特·德瑞克森,导演
20548,姜晓通,导演
20549,保罗·安德森,导演
20550,汤姆·霍珀,导演
20551,本广克行,导演
20552,派蒂·杰金斯,导演
20553,阿布戴·柯西胥,导演
20554,彭三源,导演
20555,卡罗琳·拉布里奇,导演
20556,颜碧丽,导演
20557,周浩晖,导演
20558,麦克·特米尔,导演
20559,李炳宪,导演
20560,黄真真,导演
20561,丹尼·博伊尔,导演
20562,托亚·弗莱瑟,导演
20563,中岛哲也,导演
20564,德鲁·皮尔斯,导演
20565,原惠一,导演
20566,马丁·罗森,导演
20567,马丁·麦克唐纳,导演
20568,裘索·拉提欧,导演
20569,尾田荣一郎,导演
20570,吴汉邦,导演
20571,杰夫·伍尔诺,导演
20572,马克·卡伦,导演
20573,皮埃尔·莫瑞尔,导演
20574,石原立也,导演
20575,杰瑞米·德桑,导演
20576,安南·甘地,导演
20577,黄国强,导演
20578,谢尔盖·邦达尔丘克,导演
20579,张家杰,导演
20580,武居正能,导演
20581,乔治·库克,导演
20582,洪尚秀,导演
20583,R·巴尔基,导演
20584,渡边步,导演
20585,刘露,导演
20586,今西隆志,导演
20587,杨子,导演
20588,神澤信一,导演
20589,AbhinayDeo,导演
20590,鲁本·奥斯特伦德,导演
20591,内田英治,导演
20592,吴基焕,导演
20593,拉塞尔·穆卡希,导演
20594,黛布拉·格兰尼克,导演
20595,中茎强,导演
20596,须藤友德,导演
20597,朱佳梦,导演
20598,乔尔·埃哲顿,导演
20599,今泉力哉,导演
20600,游达志,导演
20601,LEEDAEHEE,导演
20602,胡国瀚,导演
20603,盖·里奇,导演
20604,杰拉德·麦克穆雷,导演
20605,冯志强,导演
20606,鲍勃·佩尔西凯蒂,导演
20607,曹圭章,导演
20608,彼得·法雷里,导演
20609,本杰明·雷内,导演
20610,黄河,导演
20611,詹姆斯·古恩,导演
20612,杰瑞·扎克,导演
20613,米克洛斯·杨索,导演
20614,古斯塔夫·莫勒,导演
20615,尔冬升,导演
20616,山本透,导演
20617,杨·塞谬尔,导演
20618,尼科莱·阿尔赛,导演
20619,索菲亚·科波拉,导演
20620,赵善浩,导演
20621,帕特奇·维加,导演
20622,保罗·麦奎根,导演
20623,约瑟夫·科辛斯基,导演
20624,格里高利·霍布里特,导演
20625,易寒,导演
20626,路易斯·布努埃尔,导演
20627,泷本智行,导演
20628,罗耀辉,导演
20629,YvonneXu,导演
20630,大卫·O·拉塞尔,导演
20631,迪米特里·洛戈塞蒂斯,导演
20632,罗德尼·罗斯曼,导演
20633,刘亚当,导演
20634,杰西·约翰逊,导演
20635,张艺谋,导演
20636,吴星翔,导演
20637,边赫,导演
20638,罗宾·坎皮略,导演
20639,乔纳森·戴米,导演
20640,胡一泊,导演
20641,MichaelBoucherie,导演
20642,赖斯扎德·布加斯基,导演
20643,安东尼·寇迪耶,导演
20644,石塚敦子,导演
20645,维莱莉·法瑞斯,导演
20646,唐·迈克尔·保罗,导演
20647,弗朗索瓦·欧容,导演
20648,高庆民,导演
20649,蔡康永,导演
20650,霍建起,导演
20651,约什·布恩,导演
20652,朴勋政,导演
20653,布莱克·爱德华兹,导演
20654,郑址宇,导演
20655,严嘉,导演
20656,约瑟芬·戴克,导演
20657,CarlosSanchez,导演
20658,丁小雄,导演
20659,李远,导演
20660,莫娜·阿查切,导演
20661,安恪温,导演
20662,史蒂夫·普切尔,导演
20663,何力,导演
20664,杨宇硕,导演
20665,约瑟夫·贾德森·科恩,导演
20666,路易斯·奥特加,导演
20667,黄熙,导演
20668,约翰·拉塞特,导演
20669,汉尼·阿布-阿萨德,导演
20670,史蒂文·斯皮尔伯格,导演
20671,丹尼什卡·埃斯特哈奇,导演
20672,迈克尔·格雷西,导演
20673,ScottHussion,导演
20674,斯特凡·奥比尔,导演
20675,三木孝浩,导演
20676,乔·罗素,导演
20677,罗森·马歇尔·瑟伯,导演
20678,弗朗西斯·劳伦斯,导演
20679,王树忱,导演
20680,米林宏昌,导演
20681,德雷克·多雷穆斯,导演
20682,麦克·罗尔,导演
20683,AnthonyScottBurns,导演
20684,溝口稔,导演
20685,理查德·沙因克曼,导演
20686,黄子华,导演
20687,大卫·叶茨,导演
20688,李姝洁,导演
20689,许诚毅,导演
20690,丹·斯坎隆,导演
20691,克里斯蒂安·古德加斯特,导演
20692,米歇尔·欧斯洛,导演
20693,本·萨弗迪,导演
20694,刘博文,导演
20695,徐誉庭,导演
20696,大卫·芬奇,导演
20697,巴伦·博·欧达尔,导演
20698,亚历杭德罗·阿梅纳瓦尔,导演
20699,斯科特·摩尔,导演
20700,GuyMoore,导演
20701,斯特拉·梅吉,导演
20702,道格·里曼,导演
20703,加芙列拉·考珀斯维特,导演
20704,珍妮弗·李,导演
20705,西谷弘,导演
20706,AlexeyKiruyshenko,导演
20707,约书亚·萨弗迪,导演
20708,董春泽,导演
20709,赵圣熙,导演
20710,凯文·库尔施,导演
20711,谷本佳织,导演
20712,陈功,导演
20713,亚历克斯·嘉兰,导演
20714,林岭东,导演
20715,雷克斯·英格拉姆,导演
20716,徐兵,导演
20717,约翰·卡尼,导演
20718,安正民,导演
20719,李斗士男,导演
20720,AngeloPizzo,导演
20721,关信辉,导演
20722,卢东硕,导演
20723,华森·波克彭,导演
20724,高畑勋,导演
20725,朱塞佩·托纳多雷,导演
20726,苏珊娜·比尔,导演
20727,丹尼拉·科兹洛夫斯基,导演
20728,田中洋之,导演
20729,虚渊玄,导演
20730,吉田照幸,导演
20731,史蒂芬·C·米勒,导演
20732,丹·泽夫,导演
20733,亚罗·切尼,导演
20734,阿部记之,导演
20735,奥利弗·帕克,导演
20736,李洋,导演
20737,JackKinney,导演
20738,丹·吉尔罗伊,导演
20739,艾利·克雷格,导演
20740,陈玉珊,导演
20741,查尔斯·布莱宾,导演
20742,弗兰克·皮尔森,导演
20743,周子阳,导演
20744,杰克·康威,导演
20745,李前宽,导演
20746,科斯塔-加夫拉斯,导演
20747,刘杰,导演
20748,唐纳德·克里斯普,导演
20749,张家辉,导演
20750,尼克·帕克,导演
20751,李·昂克里奇,导演
20752,白石和弥,导演
20753,本·斯塔森,导演
20754,FabrizioCosta,导演
20755,森淳一,导演
20756,提莫·塔哈亚托,导演
20757,塔伊加·维迪提,导演
20758,赵小丁,导演
20759,理查德·林克莱特,导演
20760,彼得·西格尔,导演
20761,奚超,导演
20762,扎克·布拉夫,导演
20763,蒋开诗,导演
20764,方银振,导演
20765,詹姆斯·沃德·布柯特,导演
20766,史蒂芬·戴德利,导演
20767,顾长卫,导演
20768,沙恩·布莱克,导演
20769,岩井俊二,导演
20770,安德鲁·海格,导演
20771,도봉산,导演
20772,何炅,导演
20773,奥列格·特罗费姆,导演
20774,麦克·怀特,导演
20775,羽住英一郎,导演
20776,凯尔·巴尔达,导演
20777,阿努克·惠斯塞尔,导演
20778,迈克尔·诺尔,导演
20779,杉井仪三郎,导演
20780,陶盟喜,导演
20781,是枝裕和,导演
20782,朴赞郁,导演
20783,詹姆斯·曼高德,导演
20784,理查德·拉·格拉文斯,导演
20785,潘礼平,导演
20786,爱德华·兹威克,导演
20787,阿里·苏赞德,导演
20788,杰克·阿诺德,导演
20789,奥伦·尤济尔,导演
20790,克里斯托弗·尼霍姆,导演
20791,李承元,导演
20792,宁浩,导演
20793,阿方索·卡隆,导演
20794,约恩-卡尔·惠斯塞尔,导演
20795,上田笃司,导演
20796,JohnnyKevorkian,导演
20797,吉尔·勒卢什,导演
20798,佐米·希尔拉,导演
20799,丹尼尔·歌德哈伯,导演
20800,克里斯·韦奇,导演
20801,周劼,导演
20802,周申,导演
20803,矢口史靖,导演
20804,肯·洛奇,导演
20805,项河生,导演
20806,尹钟彬,导演
20807,多多·阿巴希泽,导演
20808,金泓善,导演
20809,博·伯翰,导演
20810,奥利弗·达利,导演
20811,欧格斯·兰斯莫斯,导演
20812,DominicBrunt,导演
20813,杰拉德·布什,导演
20814,约翰·斯蒂文森,导演
20815,皮埃尔·柯芬,导演
20816,高扬,导演
20817,海法·曼苏尔,导演
20818,汤姆·麦格拉思,导演
20819,张昌原,导演
20820,MatthewCharlesSantoro,导演
20821,吉安卡洛·丰塔纳,导演
20822,张海峰,导演
20823,达米恩·查泽雷,导演
20824,黑泽明,导演
20825,邓肯·琼斯,导演
20826,凯瑞·柯克帕特里克,导演
20827,鹤桥康夫,导演
20828,菲尔·约翰斯顿,导演
20829,蔡宓洁,导演
20830,王天尉,导演
20831,肖央,导演
20832,泰特·泰勒,导演
20833,谷内田彰久,导演
20834,西蒙·柯蒂斯,导演
20835,弗朗克·迪博斯克,导演
20836,冢原亚由子,导演
20837,翠西·西埃,导演
20838,广木隆一,导演
20839,徐克,导演
20840,黄敬强,导演
20841,藤森雅也,导演
20842,比尔·霍德曼,导演
20843,木下高男,导演
20844,儿玉兼嗣,导演
20845,斯蒂芬·卓博斯基,导演
20846,弗兰克·卡方,导演
20847,谢尔盖·帕拉杰诺夫,导演
20848,阿德里安·莫利纳,导演
20849,杰弗利·纳赫马诺夫,导演
20850,土井裕泰,导演
20851,许智彦,导演
20852,维克多·列文,导演
20853,克雷·卡提斯,导演
20854,长崎健司,导演
20855,基翁尼·韦克斯曼,导演
20856,安东尼·罗素,导演
20857,徐纪周,导演
20858,林书宇,导演
20859,莎拉·罗珀,导演
20860,平山秀幸,导演
20861,让-马克·瓦雷,导演
20862,迈克尔·斯派瑞,导演
20863,禹民镐,导演
20864,李伟,导演
20865,马克·赫尔曼,导演
20866,迈克·李,导演
20867,大卫·米奇欧德,导演
20868,让-吕克·戈达尔,导演
20869,胡波,导演
20870,杜维因·邓纳姆,导演
20871,肯尼思·布拉纳,导演
20872,乔恩·费儒,导演
20873,西见祥示郎,导演
20874,李宰圭,导演
20875,BillKopp,导演
20876,钟青,导演
20877,李廷香,导演
20878,杨修华,导演
20879,杰西·派瑞兹,导演
20880,曾利文彦,导演
20881,查尔斯·马丁·史密斯,导演
20882,朱利叶斯·R·纳索,导演
20883,罗杰·斯波蒂斯伍德,导演
20884,洪基善,导演
20885,田﨑竜太,导演
20886,阿德什·普拉萨德,导演
20887,松尾衡,导演
20888,威尔·古勒,导演
20889,詹姆斯·弗雷,导演
20890,乔治·史蒂文斯,导演
20891,贝特朗·芒蒂格,导演
20892,宋阳,导演
20893,鲍勃·彼德森,导演
20894,朴世上,导演
20895,纳塔吾·彭皮里亚,导演
20896,莱恩·约翰逊,导演
20897,刘国昌,导演
20898,拉娜·沃卓斯基,导演
20899,松居大悟,导演
20900,查理·卓别林,导演
20901,格奥尔基·申格拉亚,导演
20902,米歇尔·贡德里,导演
20903,保罗·费格,导演
20904,罗曼·波兰斯基,导演
20905,徐峥,导演
20906,苏伦,导演
20907,李芳芳,导演
20908,鲁伯特·瓦耶特,导演
20909,克里斯托弗·兰登,导演
20910,特里·隆,导演
20911,贾斯汀·查德维克,导演
20912,理查德·弗雷登伯格,导演
20913,鲁本·马莫利安,导演
20914,陆川,导演
20915,马修·海涅曼,导演
20916,雷·阿什利,导演
20917,达伦·阿伦诺夫斯基,导演
20918,楚克·萨克瑞科,导演
20919,彼得·博格,导演
20920,BrianFrankVisciglia,导演
20921,德鲁·高达,导演
20922,安东尼·明格拉,导演
20923,黄强华,导演
20924,黄渤,导演
20925,小沼雄一,导演
20926,西恩·卡特,导演
20927,本·法尔科内,导演
20928,巴兹·鲁赫曼,导演
20929,卢卡·瓜达尼诺,导演
20930,泰德·戴米,导演
20931,安彦良和,导演
20932,基里尔·谢列布连尼科夫,导演
20933,DamienLeone,导演
20934,饶晓志,导演
20935,特拉维斯·奈特,导演
20936,X导演,导演
20937,阚家伟,导演
20938,马克·伯顿,导演
20939,阿尔弗雷德·希区柯克,导演
20940,钱人豪,导演
20941,YashChopra,导演
20942,程伟豪,导演
20943,丹尼尔·泽利克·伯克,导演
20944,尼尔·布洛姆坎普,导演
20945,比尔·康顿,导演
20946,休·韦尔什曼,导演
20947,塞巴斯蒂安·古提耶雷兹,导演
20948,富尔维奥·塞斯蒂托,导演
20949,RockySoraya,导演
20950,韩寒,导演
20951,巴特·雷顿,导演
20952,辻本贵则,导演
20953,阿尼什·查甘蒂,导演
20954,西恩·潘,导演
20955,西海谦一郎,导演
20956,高则豪,导演
20957,PatrickReams,导演
20958,阿米尔·汗,导演
20959,刘伟强,导演
20960,常征,导演
20961,威廉·惠勒,导演
20962,阿萨夫·伯恩斯坦,导演
20963,林镇秀,导演
20964,吴昱翰,导演
20965,史蒂夫·麦奎因,导演
20966,성우진,导演
20967,黄信尧,导演
20968,MichaelLindsay-Hogg,导演
20969,李勇周,导演
20970,全高云,导演
20971,中村义洋,导演
20972,韩杰,导演
20973,郭宝昌,导演
20974,巴兹尔·迪尔登,导演
20975,马可·杜特拉,导演
20976,马修·沃恩,导演
20977,汤浅政明,导演
20978,颜正国,导演
20979,柯克·琼斯,导演
20980,小池健,导演
20981,神德幸治,导演
20982,拉加·高斯内尔,导演
20983,竹下昌男,导演
20984,安杰伊·瓦伊达,导演
20985,二宫健,导演
20986,刘一君,导演
20987,乔纳森·贝克,导演
20988,大卫·斯雷德,导演
20989,伊藤秀树,导演
20990,周星驰,导演
20991,王晋,导演
20992,大卫·戈登·格林,导演
20993,濑濑敬久,导演
20994,布莱德利·库珀,导演
20995,马克·贝克,导演
20996,张楠,导演
20997,赵薇,导演
20998,中川龙太郎,导演
20999,巨兴茂,导演
21000,露西亚·安尼洛,导演
21001,谢尔盖·德瓦茨沃伊,导演
21002,弗兰克·克拉斯,导演
21003,杨延晋,导演
21004,유영선,导演
21005,卢卡斯·德霍特,导演
21006,本·阿弗莱克,导演
21007,加斯·戴维斯,导演
21008,畑泰介,导演
21009,山下敦弘,导演
21010,陈果,导演
21011,傅国樑,导演
21012,陈德森,导演
21013,理查德·富兰克林,导演
21014,金洪善,导演
21015,牛岛新一郎,导演
21016,邹燚,导演
21017,西奥·安哲罗普洛斯,导演
21018,송은주,导演
21019,陈嘉上,导演
21020,绫部真弥,导演
21021,王晶,导演
21022,米开朗基罗·安东尼奥尼,导演
21023,卡迪亚·兰德,导演
21024,乔·米亚,导演
21025,片渊须直,导演
21026,田晓鹏,导演
21027,许政,导演
21028,许鞍华,导演
21029,安里麻里,导演
21030,月川翔,导演
21031,罗德里戈·科尔特斯,导演
21032,小津安二郎,导演
21033,大卫·雷奇,导演
21034,乔丹·皮尔,导演
21035,"JoeDietsch,LouieGibson",导演
21036,桑木天,导演
21037,新房昭之,导演
21038,约翰·R·莱昂耐迪,导演
21039,杰伊·钱德拉萨卡,导演
21040,押井守,导演
21041,李海暎,导演
21042,托尼·基格里奥,导演
21043,罗伯·科恩,导演
21044,钱嘉乐,导演
21045,李胜宰,导演
21046,约翰·弗兰克海默,导演
21047,肖恩·贝克,导演
21048,迈克尔·哈内克,导演
21049,袁卫东,导演
21050,丹尼尔·施纳特,导演
21051,袁和平,导演
21052,MichaelWinnick,导演
21053,克里斯托夫·巴拉蒂,导演
21054,林德禄,导演
21055,梅尔·吉布森,导演
21056,长峰达也,导演
21057,比尔·奥利弗,导演
21058,彼得·威尔,导演
21059,尹齐均,导演
21060,大卫·科尔,导演
21061,荒木哲郎,导演
21062,尾崎将也,导演
21063,布莱恩·斯莫兹,导演
21064,吕克·贝松,导演
21065,矢岛哲生,导演
21066,罗伯茨·甘纳韦,导演
21067,山崎贵,导演
21068,布莱恩·菲,导演
21069,董越,导演
21070,克里斯·哥伦布,导演
21071,杰夫·特里梅因,导演
21072,玛丽埃尔·海勒,导演
21073,迈克·约翰逊,导演
21074,静野孔文,导演
21075,姜秀妍,导演
21076,加里·特洛斯达勒,导演
21077,蔡成杰,导演
21078,尹俊欢,导演
21079,罗伯特·罗德里格兹,导演
21080,凯内尔·穆德卢佐,导演
21081,彭浩翔,导演
21082,埃里克·巴比尔,导演
21083,深作欣二,导演
21084,保罗·杰诺维塞,导演
21085,韩琰,导演
21086,谷德昭,导演
21087,石井裕也,导演
21088,KazuyaKonaka,导演
21089,채준우,导演
21090,林诣彬,导演
21091,朱利叶斯·拉姆齐,导演
21092,贝纳尔多·贝托鲁奇,导演
21093,布莱恩·泰勒,导演
21094,奥利维耶·梅斯,导演
21095,张律,导演
21096,韩俊熙,导演
21097,崔洋一,导演
21098,西蒙·韦斯特,导演
21099,埃里克·吉隆,导演
21100,皮得·里达·米切尔,导演
21101,速达,导演
21102,朱浩伟,导演
21103,维塔亚·东俞扬,导演
21104,热拉尔·乌里,导演
21105,路易斯·莱特里尔,导演
21106,満留浩昌,导演
21107,梅拉尼·罗兰,导演
21108,迈克尔·苏克西,导演
21109,梁小凉,导演
21110,蒋雯丽,导演
21111,朱莉安娜·罗夏斯,导演
21112,罗伯特·怀斯,导演
21113,尤里·奥泽洛夫,导演
21114,黄璜,导演
21115,杰森·雷西格,导演
21116,洪子烜,导演
21117,谢立文,导演
21118,黄国辉,导演
21119,亚历克斯·扎姆,导演
21120,霍华德·麦凯恩,导演
21121,托马斯·亨尼赛,导演
21122,苏珊·约翰逊,导演
21123,小泉德宏,导演
21124,弗雷德·金尼曼,导演
21125,杨德昌,导演
21126,巴里·索南菲尔德,导演
21127,巴里·詹金斯,导演
21128,约翰·卡拉辛斯基,导演
21129,谭惠贞,导演
21130,托尼·凯耶,导演
21131,马克·丹尼斯,导演
21132,罗伯·劳,导演
21133,鲍勃·费希尔,导演
21134,唐纳德·佩特瑞,导演
21135,赖舒·彼查,导演
21136,克里斯·雷纳德,导演
21137,中江和仁,导演
21138,理查德·罗森,导演
21139,亚历山德罗·卡罗尼,导演
21140,梁青儿,导演
21141,朱利安·施纳贝尔,导演
21142,河森正治,导演
21143,黄建新,导演
21144,朴秀珍,导演
21145,卡尔·西奥多·德莱叶,导演
21146,上堀内佳寿也,导演
21147,李桢凡,导演
21148,格斯·范·桑特,导演
21149,本·豪林,导演
21150,亚历山大·布斯蒂罗,导演
21151,约翰尼·马丁,导演
21152,亚当·罗比特尔,导演
21153,BrianVidal,导演
21154,李钟奭,导演
21155,霍猛,导演
21156,北野武,导演
21157,张幼珍,导演
21158,JasonSanchez,导演
21159,大林宣彦,导演
21160,杨瑾,导演
21161,郑保品,导演
21162,abc,导演
21163,王育麟,导演
21164,永江二朗,导演
21165,ChrisBouchard,导演
21166,戴思睿·阿卡万,导演
21167,薛贤坚,导演
21168,彭大魔,导演
21169,文斯·马塞洛,导演
21170,阿里·阿巴西,导演
21171,艾萨克·佛罗伦汀,导演
21172,许宗昊,导演
21173,上田慎一郎,导演
21174,武内英树,导演
21175,RichRagsdale,导演
21176,奥里奥尔·保罗,导演
21177,陈凯歌,导演
21178,弗洛里安·亨克尔·冯·多纳斯马尔克,导演
21179,宋媚,导演
21180,石川淳一,导演
21181,三宅唱,导演
21182,肖桂云,导演
21183,罗布·W·金,导演
21184,阿方索·戈麦斯-雷洪,导演
21185,乌尔善,导演
21186,刘畅,导演
21187,彼得·沃特金,导演
21188,戈尔·维宾斯基,导演
21189,保罗·费舍尔,导演
21190,吴京,导演
21191,唐·曼西尼,导演
21192,本木克英,导演
21193,金泽洪充,导演
21194,詹姆斯·卡梅隆,导演
21195,吕乐,导演
21196,保尔·乌尔基霍·阿利霍,导演
21197,简·皮克瓦,导演
21198,维克多·弗莱明,导演
21199,山姆·雷米,导演
21200,何蔚庭,导演
21201,BrettDonowho,导演
21202,尹贤基,导演
21203,罗伯·马歇尔,导演
21204,克里斯托弗·鲍伊,导演
21205,元彬,导演
21206,弗兰科·皮亚维奥利,导演
21207,佐藤卓哉,导演
21208,CarlStrathie,导演
21209,蒂莫西·伍德沃,导演
21210,罗杰·阿勒斯,导演
21211,G·W·帕布斯特,导演
21212,濑下宽之,导演
21213,多米尼克·罗彻,导演
21214,阿斯哈·法哈蒂,导演
21215,拉斯·霍尔斯道姆,导演
21216,弗兰克·威利,导演
21217,滨口龙介,导演
21218,丹尼斯·甘塞尔,导演
21219,托尼·班克罗夫特,导演
21220,罗伯托·罗西里尼,导演
21221,阿尔瓦罗·布雷克纳,导演
21222,亚历克斯·普罗亚斯,导演
21223,谢添,导演
21224,宋欣颖,导演
21225,李宰汉,导演
21226,沃夫冈·雷瑟曼,导演
21227,弗洛里安·大卫·菲茨,导演
21228,马丁·布莱斯特,导演
21229,迪埃德里克·范·罗伊詹,导演
21230,肥冢正史,导演
21231,SadracGonzález-Perellón,导演
21232,吴天戈,导演
21233,黄家康,导演
21234,诺拉·艾芙隆,导演
21235,达伦·林恩·鲍斯曼,导演
21236,黄彦威,导演
21237,金锡允,导演
21238,阿尔贝·杜邦泰尔,导演
21239,松本胜,导演
21240,亚伦·霍瓦斯,导演
21241,郑君里,导演
21242,陈翔,导演
21243,西片康人,导演
21244,布尔·斯蒂尔斯,导演
21245,王郢,导演
21246,伊坦·柯亨,导演
21247,易智言,导演
21248,让-雅克·阿诺,导演
21249,森垣侑大,导演
21250,大森立嗣,导演
21251,乔西·贝克,导演
21252,理查德·艾尔,导演
21253,卢正雨,导演
21254,钟少雄,导演
21255,克林特·伊斯特伍德,导演
21256,赵霁,导演
21257,萩原健太郎,导演
21258,刘山姆,导演
21259,滕华涛,导演
21260,M·奈特·沙马兰,导演
21261,关智耀,导演
21262,深津正和,导演
21263,石挥,导演
21264,平柳敦子,导演
21265,巴瑞·莱文森,导演
21266,阿库·卢希米斯,导演
21267,水岛精二,导演
21268,李胤基,导演
21269,安迪·瑟金斯,导演
21270,大九明子,导演
21271,艾伦·斯密特,导演
21272,塞思·麦克法兰,导演
21273,克里斯·巴克,导演
21274,特瑞·吉列姆,导演
21275,安东尼·莱昂迪斯,导演
21276,列昂蒂内·萨冈,导演
21277,汤姆·提克威,导演
21278,塔玛拉·詹金斯,导演
21279,金基德,导演
21280,布兰达∙查普曼,导演
21281,埃里克·达尼尔,导演
21282,黄进,导演
21283,李章焄,导演
21284,曹英俊,导演
21285,泽维尔·吉恩斯,导演
21286,丹尼勒·米西奇亚,导演
21287,项秋良,导演
21288,李杨,导演
21289,塞巴斯蒂安·莱里奥,导演
21290,本·斯蒂勒,导演
21291,詹姆斯·布里奇斯,导演
21292,吴天明,导演
21293,萨拉·科朗吉洛,导演
21294,大沼心,导演
21295,米洛斯·福尔曼,导演
21296,森冈利行,导演
21297,原田真人,导演
21298,满仲劝,导演
21299,任文,导演
21300,降旗康男,导演
21301,傅闱玮,导演
21302,金辉,导演
21303,加文·欧康诺,导演
21304,维托里奥·德·西卡,导演
21305,MauroCarvalho,导演
21306,周杰伦,导演
21307,李骏硕,导演
21308,金·维多,导演
21309,加斯顿·杜帕拉特,导演
21310,BrianMills,导演
21311,马小刚,导演
21312,姜秉辰,导演
21313,马特·里夫斯,导演
21314,罗伯特·奥特曼,导演
21315,非行,导演
21316,巴克迪亚·库唐纳扎洛夫,导演
21317,李欣,导演
21318,王俊潾,导演
21319,奥米史·舒克拉,导演
21320,乔西·洛克,导演
21321,本·福斯特,导演
21322,石井岳龙,导演
21323,饭冢俊光,导演
21324,武正晴,导演
21325,谈宜之,导演
21326,钮承泽,导演
21327,卞成贤,导演
21328,西恩·安德斯,导演
21329,FriedrichBöhm,导演
21330,李润珍,导演
21331,DavidFreyne,导演
21332,赵婷,导演
21333,安藤裕章,导演
21334,阿曼达·斯特斯,导演
21335,科拉莉·法尔雅,导演
21336,乔纳·希尔,导演
21337,彼得·斯派瑞,导演
21338,罗伯托·贝尼尼,导演
21339,安德鲁·斯坦顿,导演
21340,常光希,导演
21341,斯派克·李,导演
21342,尹学烈,导演
21343,约翰·卡梅隆·米切尔,导演
21344,冲田修一,导演
21345,不思凡,导演
21346,刘若英,导演
21347,荻上直子,导演
21348,丹尼尔·杰罗姆·吉尔,导演
21349,西蒙·凯瑟,导演
21350,罗杰·米歇尔,导演
21351,尼尔斯-埃里克·艾克布洛姆,导演
21352,久保茂昭,导演
21353,坂本浩一,导演
21354,玛·塔尔加纳,导演
21355,朗·霍华德,导演
21356,林顺礼,导演
21357,康拉德·弗农,导演
21358,木村大作,导演
21359,龙飞,导演
21360,奥拉弗·约翰内斯松,导演
21361,托马斯·阿尔弗莱德森,导演
21362,梁旋,导演
21363,弗朗西斯科·钦奎马尼,导演
21364,RobinAubert,导演
21365,帕科·普拉萨,导演
21366,肖洋,导演
21367,李安,导演
21368,尤加·维迪葛伦,导演
21369,金永卓,导演
21370,卡洛斯·洛佩斯·埃斯特拉达,导演
21371,杰里米·德格鲁森,导演
21372,马提·卡伦,导演
21373,布赖恩·汉森,导演
21374,姜允成,导演
21375,弗兰克·卡普拉,导演
21376,乔梁,导演
21377,张哲洙,导演
21378,陈力,导演
21379,盖瑞·马歇尔,导演
21380,弗兰克·盖思堂彼得,导演
21381,佐佐部清,导演
21382,希提·麦克唐纳,导演
21383,姜孝镇,导演
21384,闵奎东,导演
21385,申秀媛,导演
21386,萨杜斯·奥沙利文,导演
21387,安吉拉·罗宾森,导演
21388,乔纳森·赫尔伯特,导演
21389,艾比·科恩,导演
21390,奥图·巴瑟赫斯特,导演
21391,帕诺斯·科斯马图斯,导演
21392,高志森,导演
21393,陈咏燊,导演
21394,茂文·勒鲁瓦,导演
21395,志水淳儿,导演
21396,罗丝·博斯,导演
21397,冯小刚,导演
21398,黄浩然,导演
21399,李权,导演
21400,上条大辅,导演
21401,史蒂夫·班德莱克,导演
21402,马可·图利奥·吉奥达纳,导演
21403,崔恩重,导演
21404,杜琪峰,导演
21405,凯·加农,导演
21406,李容承,导演
21407,涅尔斯·阿登·欧普勒夫,导演
21408,伊恩·塞缪尔斯,导演
21409,易小星,导演
21410,费利普·弥勒,导演
21411,克里斯托弗·麦奎里,导演
21412,阿诺·戴普勒尚,导演
21413,马克·韦布,导演
21414,宋一坤,导演
21415,神徳幸治,导演
21416,房秀吟,导演
21417,陈正道,导演
21418,九把刀,导演
21419,艾里克斯·库兹曼,导演
21420,蓝鸿春,导演
21421,鲁本·弗雷斯彻,导演
21422,艾尔伯特·休斯,导演
21423,唐·霍尔,导演
21424,尼尔·博格,导演
21425,哈罗德·兹瓦特,导演
21426,成岛出,导演
21427,郑植,导演
21428,纽科·萨克里顿,导演
21429,格里格·伯兰蒂,导演
21430,马克·桑德里奇,导演
21431,袁建滔,导演
21432,赵琦,导演
21433,尼尔·乔丹,导演
21434,丹·福格尔曼,导演
21435,陈思诚,导演
21436,约瑟夫·麦克金提·尼彻,导演
21437,王昕,导演
21438,西德尼·吕美特,导演
21439,彼得·叶茨,导演
21440,丹·关,导演
21441,斯坦利·多南,导演
21442,纳许·埃哲顿,导演
21443,斯里兰姆·拉格万,导演
21444,柳昇完,导演
21445,奉万里,导演
21446,瑞恩·库格勒,导演
21447,奉俊昊,导演
21448,约翰·史翠兰,导演
21449,李力持,导演
21450,阿里·阿巴斯·札法,导演
21451,乔可·安华,导演
21452,永井聪,导演
21453,瑞德·穆拉诺,导演
21454,安东尼·福奎阿,导演
21455,白石晃士,导演
21456,阿莉切·罗尔瓦赫尔,导演
21457,纳·约斯瓦塔纳蒙,导演
21458,神山征二郎,导演
21459,SethFuller,导演
21460,科林·特雷沃罗,导演
21461,朱利安·莫利,导演
21462,提姆·斯密特,导演
21463,王家卫,导演
21464,林珍钊,导演
21465,李翰,导演
21466,拉斯塔姆·莫沙菲尔,导演
21467,乔·拜尔德,导演
21468,洪金宝,导演
21469,理查德·格雷泽,导演
21470,S·克雷格·扎勒,导演
21471,维克多·斯约斯特洛姆,导演
21472,金大雄,导演
21473,保罗·金,导演
21474,青木荣,导演
21475,卡希尔·约瑟夫,导演
21476,塔兰·基拉姆,导演
21477,韩荣声,导演
21478,高峰,导演
21479,蔡楚生,导演
21480,霍华德·霍克斯,导演
21481,阿德里安·莱恩,导演
21482,钱运达,导演
21483,金泰勇,导演
21484,刘阔,导演
21485,阿列克山大·博古斯拉夫斯基,导演
21486,韩天,导演
21487,马丁·坎贝尔,导演
21488,埃曼诺·奥尔米,导演
21489,黄东赫,导演
21490,弗朗西斯·福特·科波拉,导演
21491,史蒂芬·布塞,导演
21492,陈国辉,导演
21493,曾庆杰,导演
21494,克里希纳·D·K,导演
21495,郭子健,导演
21496,李元泰,导演
21497,安诺斯·托马斯·延森,导演
21498,阿沛·乔普拉,导演
21499,李聆聪,导演
21500,李彦禧,导演
21501,三木聪,导演
21502,托德·施特劳斯-舒尔森,导演
21503,肖恩·利维,导演
21504,伊莱·罗斯,导演
21505,塞德里克·克拉皮斯,导演
21506,萨姆·门德斯,导演
21507,杰克·卡斯托雷纳,导演
21508,邹江,导演
21509,毕国智,导演
21510,莎伦·马奎尔,导演
21511,林·奥汀,导演
21512,庵野秀明HideakiAnno,导演
21513,安德鲁·鲍勒,导演
21514,康大奎,导演
21515,JohnBruce,导演
21516,安南德·图克尔,导演
21517,保罗·索伦蒂诺,导演
21518,唐高鹏,导演
21519,邢键钧,导演
21520,白宗烈,导演
21521,马修·霍普,导演
21522,蕾雅·梅西斯,导演
21523,珍妮芬·福克斯,导演
21524,元泰渊,导演
21525,角銅博之,导演
21526,南希·迈耶斯,导演
21527,罗伯特·斯文克,导演
21528,薛晓路,导演
21529,扎克·施奈德,导演
21530,张一白,导演
21531,麦子善,导演
21532,吕寅荣,导演
21533,迪恩·德布洛斯,导演
21534,保罗·达诺,导演
21535,朱塞佩·德·桑蒂斯,导演
21536,保罗·格林格拉斯,导演
21537,安东尼奥·奈格列,导演
21538,宋晓飞,导演
21539,詹姆斯·马什,导演
21540,卡瑞恩·库萨马,导演
21541,张恒准,导演
21542,戴维·施莫勒,导演
21543,园子温,导演
21544,文晏,导演
21545,佐藤信介,导演
21546,桥本光二郎,导演
21547,迈克尔·泰兹,导演
21548,让-皮埃尔·热内,导演
21549,阿伦·雷乃,导演
21550,安格斯·麦克莱恩,导演
21551,余斌,导演
21552,内森·格雷诺,导演
21553,安妮·弗莱彻,导演
21554,八木龙一,导演
21555,小川太一,导演
21556,阿莱克斯·德·拉·伊格莱西亚,导演
21557,川面真也,导演
21558,努里·比格·锡兰,导演
21559,乔纳森·莱文,导演
21560,林冠慧,导演
21561,王微,导演
21562,熊谷祐紀,导演
21563,肯尼思·洛纳根,导演
21564,李东恩,导演
21565,谢东燊,导演
21566,安迪·尼曼,导演
21567,柯孟融,导演
21568,陈大利,导演
21569,特瑞·乔治,导演
21570,苗月,导演
21571,张春,导演
21572,杨雅喆,导演
21573,扬·霍布雷克,导演
21574,鲁伯特·艾弗雷特,导演
21575,裴魁山,导演
21576,于哲,导演
21577,大卫·斯沃曼,导演
21578,董旭,导演
21579,雅克·欧迪亚,导演
21580,查理·宾,导演
21581,约翰V索托,导演
21582,德斯汀·克里顿,导演
21583,佐久间纪佳,导演
21584,舒吉特·瑟加,导演
21585,卢基诺·维斯康蒂,导演
21586,乔·沃茨,导演
21587,DennisBartok,导演
21588,鲍兹·亚金,导演
21589,斯戴芬·卢佐维茨基,导演
21590,乔·考尼什,导演
21591,赤飞,导演
21592,落落,导演
21593,叶伟民,导演
21594,吴宇森,导演
21595,大根仁,导演
21596,马尔科姆·D·李,导演
21597,贾樟柯,导演
21598,伊莎贝尔·科赛特,导演
21599,韩平,导演
21600,罗伯特·布列松,导演
21601,王冠迪,导演
21602,J·C·尚多尔,导演
21603,乔·赖特,导演
21604,盖瑞·罗斯,导演
21605,吉恩·凯利,导演
21606,马克·奥斯本,导演
21607,李子俊,导演
21608,阿里·桑德尔,导演
21609,凯瑟琳·毕格罗,导演
21610,菲力斯·范·古宁根,导演
21611,CheeKeongCheung,导演
21612,王颖,导演
21613,帕夏·帕特里基,导演
21614,丹尼斯·维德迈尔,导演
21615,蒂姆·米勒,导演
21616,布林·希尔,导演
21617,伊桑·科恩,导演
21618,蒂姆·波顿,导演
21619,桥本裕之,导演
21620,大岛渚,导演
21621,李焕庆,导演
21622,张峰,导演
21623,克洛德·果雷塔,导演
21624,雨宫庆太,导演
21625,阿兰·泰勒,导演
21626,宫崎吾朗,导演
21627,乔·德特杜巴,导演
21628,彼特·道格特,导演
21629,克里斯·桑德斯,导演
21630,科林·哈迪,导演
21631,叶伟信,导演
21632,塞尔希奥·G·桑切斯,导演
21633,卢炜麟,导演
21634,邓肯·斯基尔斯,导演
21635,JackZaghaKababie,导演
21636,李沙朗,导演
21637,松江哲明,导演
21638,安德烈斯·拜斯,导演
21639,沃伊切赫·哈斯,导演
21640,哈斯拉夫·杜卢尔,导演
21641,豪梅·巴拉格罗,导演
21642,吉尔莫·德尔·托罗,导演
21643,王冉,导演
21644,张巳阳,导演
21645,克利斯宾·米尔斯,导演
21646,詹姆斯·弗兰科,导演
21647,李俊民,导演
21648,沟口健二,导演
21649,柯内流·波蓝波宇,导演
21650,克利斯汀·迪特,导演
21651,丹尼尔·曼斯,导演
21652,张吃鱼,导演
21653,枝优花,导演
21654,罗兰德·苏索·里希特,导演
21655,加雷斯·埃文斯,导演
21656,今井一晓,导演
21657,耶尔齐·卡瓦莱罗维奇,导演
21658,小林启一,导演
21659,吴君如,导演
21660,曲江涛,导演
21661,马克·福斯特,导演
21662,小林正树,导演
21663,伦尼·阿伯拉罕森,导演
21664,赵汉唐,导演
21665,松冈锭司,导演
21666,罗伯特·哈默,导演
21667,埃里克·托莱达诺,导演
21668,张骁,导演
21669,朱利叶斯·艾弗里,导演
21670,乔·庄斯顿,导演
21671,刘镇伟,导演
21672,莫滕·泰杜姆,导演
21673,韦斯·鲍尔,导演
21674,周天宇,导演
21675,BlakeJ.Harris,导演
21676,石田秀范,导演
21677,夏昊,导演
21678,丹尼尔·罗比,导演
21679,刘仪伟,导演
21680,徐景达,导演
21681,行定勋,导演
21682,弗朗索瓦·西玛德,导演
21683,格利高利·丘赫莱依,导演
21684,帕特里克·休斯,导演
21685,塔西姆·辛,导演
21686,吉田大八,导演
21687,因达尔·詹杜巴耶夫,导演
21688,路阳,导演
21689,金振穆,导演
21690,至尊玉,导演
21691,艾伦·索金,导演
21692,周洲,导演
21693,包贝尔,导演
21694,拉敏·巴哈尼,导演
21695,廖希,导演
21696,费尔南多·索拉纳斯,导演
21697,拉吉库马尔·希拉尼,导演
21698,罗杰·梅因伍德,导演
21699,多诺万·玛什,导演
21700,今井夏木,导演
21701,托比·海恩斯,导演
21702,彼得·维纳,导演
21703,佛朗哥·泽菲雷里,导演
21704,秦建日子,导演
21705,小斯蒂芬·卡普尔,导演
21706,阿赫梅德·坎,导演
21707,克里斯·威廉姆斯,导演
21708,黄磊,导演
21709,安东尼·拉默里纳拉,导演
21710,汉内斯·赫尔姆,导演
21711,伍迪·艾伦,导演
21712,李豪凌,导演
21713,雷·沃纳尔,导演
21714,乔纳森·M·戈尔茨坦,导演
21715,杰瑞米·拉什,导演
21716,约翰·弗朗西斯·戴利,导演
21717,托米·维尔科拉,导演
21718,保罗·柯瑞,导演
21719,亚历山大·安德里尤先科,导演
21720,斯特法诺·索利马,导演
21721,乔阿吉姆·罗恩尼,导演
21722,王泽丰,导演
21723,程耳,导演
21724,吉田りさこ,导演
21725,廖士涵,导演
21726,亚历山大·佩恩,导演
21727,林妍,导演
21728,阿基·考里斯马基,导演
21729,小乔治·提尔曼,导演
21730,艾里克·拉缇戈,导演
21731,克莱尔·斯坎伦,导演
21732,大鹏,导演
21733,查尔斯·克莱顿,导演
21734,金泰均,导演
21735,拉乌尔·沃尔什,导演
21736,元新渊,导演
21737,熊泽尚人,导演
21738,迈克·弗拉纳根,导演
21739,让-克洛德·洛宗,导演
21740,金容华,导演
21741,黑泽清,导演
21742,赵源熙,导演
21743,泷田洋二郎,导演
21744,艾伦·帕克,导演
21745,柯克·维斯,导演
21746,里克·罗曼·沃夫,导演
21747,彼得·博格丹诺维奇,导演
21748,玛利亚·彼特斯,导演
21749,切瓦特·埃加福特,导演
21750,菲利普·加瑞尔,导演
21751,埃格尔·巴拉诺夫,导演
21752,米夏埃尔·赫尔比希,导演
21753,苏珊娜·福格尔,导演
21754,白雪,导演
21755,布莱恩·德·帕尔玛,导演
21756,杰茜·尼尔森,导演
21757,杰夫·汤姆西奇,导演
21758,涅提·蒂瓦里,导演
21759,伦纳特·拉夫,导演
21760,安德鲁·尼科尔,导演
21761,郑秉吉,导演
21762,熊切和嘉,导演
21763,曼迪·弗莱彻,导演
21764,乔尔·科恩,导演
21765,吉劳姆·雷纳德,导演
21766,克里斯托弗·詹金斯,导演
21767,保罗·维尔齐,导演
21768,AdityaDhar,导演
21769,弗雷德·尼勃罗,导演
21770,夏永康,导演
21771,朱时茂,导演
21772,朴浩赞,导演
21773,ChrisCaldwell,导演
21774,玛琳·格里斯,导演
21775,马克∙安德鲁斯,导演
21776,鲁思·奥金,导演
21777,大森贵弘,导演
21778,史蒂文·奎里,导演
21779,金炫锡,导演
21780,河濑直美,导演
21781,程小东,导演
21782,大卫·马肯兹,导演
21783,彭萨·康斯里,导演
21784,李海龙,导演
21785,张荣吉,导演
