index:ID,film,:LABEL
10001,唐人街探案2,电影
10002,动物世界,电影
10003,邪不压正,电影
10004,疯狂的外星人,电影
10005,过春天,电影
10006,西虹市首富,电影
10007,白蛇：缘起,电影
10008,飞驰人生,电影
10009,一出好戏,电影
10010,无双,电影
10011,我不是药神,电影
10012,无名之辈,电影
10013,芳华,电影
10014,战狼2,电影
10015,影,电影
10016,神童,电影
10017,缝纫机乐队,电影
10018,新喜剧之王,电影
10019,绣春刀II：修罗战场,电影
10020,无问西东,电影
10021,悲伤逆流成河,电影
10022,捉妖记2,电影
10023,找到你,电影
10024,来电狂响,电影
10025,狄仁杰之四大天王,电影
10026,地球最后的夜晚,电影
10027,你好，之华,电影
10028,后来的我们,电影
10029,西游记女儿国,电影
10030,解忧杂货店,电影
10031,三生三世十里桃花,电影
10032,二代妖精之今生有幸,电影
10033,前任3：再见前任,电影
10034,杀破狼·贪狼,电影
10035,红海行动,电影
10036,昨日青空,电影
10037,风语咒,电影
10038,悟空传,电影
10039,幕后玩家,电影
10040,廉政风云,电影
10041,心理罪之城市之光,电影
10042,闪光少女,电影
10043,宝贝儿,电影
10044,逆时营救,电影
10045,绝世高手,电影
10046,叶问外传：张天志,电影
10047,黄金兄弟,电影
10048,龙虾刑警,电影
10049,祖宗十九代,电影
10050,如影随心,电影
10051,南极之恋,电影
10052,奇门遁甲,电影
10053,十万个冷笑话2,电影
10054,灵魂摆渡·黄泉,电影
10055,神探蒲松龄,电影
10056,暴雪将至,电影
10057,未择之路,电影
10058,胖子行动队,电影
10059,冥王星时刻,电影
10060,鲛珠传,电影
10061,熊出没·原始时代,电影
10062,反转人生,电影
10063,泄密者,电影
10064,英雄本色2018,电影
10065,“吃吃”的爱,电影
10066,巨额来电,电影
10067,阿拉姜色,电影
10068,机器之血,电影
10069,武林怪兽,电影
10070,空天猎,电影
10071,西小河的夏天,电影
10072,海吉拉,电影
10073,非分熟女,电影
10074,家和万事惊,电影
10075,中国合伙人2,电影
10076,毒。诫,电影
10077,东北插班生,电影
10078,引爆者,电影
10079,追捕,电影
10080,遇见你真好,电影
10081,老兽,电影
10082,密战,电影
10083,京城81号2,电影
10084,熊出没·变形记,电影
10085,李雷和韩梅梅,电影
10086,脱单告急,电影
10087,我是江小白 剧场版,电影
10088,捍卫者,电影
10089,海滩的一天,电影
10090,红衣小女孩2,电影
10091,秘果,电影
10092,陈翔六点半之铁头无敌,电影
10093,过昭关,电影
10094,麻烦家族,电影
10095,美好的意外,电影
10096,这就是命,电影
10097,罪途1之死亡列车,电影
10098,荡寇风云,电影
10099,北方一片苍茫,电影
10100,推理笔记,电影
10101,罪途3之正义规则,电影
10102,爸，我一定行的,电影
10103,淡蓝琥珀,电影
10104,龙之战,电影
10105,罪途2之救赎代价,电影
10106,星游记之风暴法米拉,电影
10107,黑白迷宫,电影
10108,十八洞村,电影
10109,古剑奇谭之流月昭明,电影
10110,黄飞鸿之南北英雄,电影
10111,非同凡响,电影
10112,奇葩朵朵,电影
10113,一江春水向东流,电影
10114,天方异谈,电影
10115,荒城纪,电影
10116,独家记忆番外之相信爱,电影
10117,再见十八班,电影
10118,睡沙发的人,电影
10119,人面鱼：红衣小女孩外传,电影
10120,新大头儿子和小头爸爸3：俄罗斯奇遇记,电影
10121,阿浪的远方,电影
10122,猫与桃花源,电影
10123,我是马布里,电影
10124,栋笃特工,电影
10125,小镇车神之五菱漂移,电影
10126,幸福路上,电影
10127,为你写诗,电影
10128,粽邪,电影
10129,豆福传,电影
10130,美容针,电影
10131,血战湘江,电影
10132,独家记忆番外之再见爱,电影
10133,阿唐奇遇,电影
10134,西谎极落之太爆太子太空舱,电影
10135,解码游戏,电影
10136,给19岁的我自己,电影
10137,二次初恋,电影
10138,黑暗迷宫,电影
10139,独家记忆番外之勇敢爱,电影
10140,第55届金马奖颁奖典礼‎,电影
10141,逆流大叔,电影
10142,黄子华栋笃笑之金盘𠺘口,电影
10143,缉妖法海传,电影
10144,那年1987,电影
10145,六人晚餐,电影
10146,海上浮城,电影
10147,齐天大圣·万妖之城,电影
10148,让我怎么相信你,电影
10149,范保德,电影
10150,差等生乔曦,电影
10151,红楼梦,电影
10152,不期而遇,电影
10153,再见路星河,电影
10154,阿凡提之奇缘历险,电影
10155,狐妖小红娘剧场版：千颜,电影
10156,郊区的鸟,电影
10157,花悸,电影
10158,狄仁杰之幽冥道,电影
10159,我是好人,电影
10160,留夏,电影
10161,大耳朵图图之美食狂想曲,电影
10162,小狗奶瓶,电影
10163,李保国,电影
10164,恐龙王,电影
10165,大汉十三将之血战疏勒城,电影
10166,喵星人,电影
10167,狂徒,电影
10168,羞答答的铁男,电影
10169,蓝天白云,电影
10170,破梦游戏,电影
10171,怪兽,电影
10172,美食大冒险之英雄烩,电影
10173,星溪的三次奇遇,电影
10174,那一场呼啸而过的青春,电影
10175,四大名捕之入梦妖灵,电影
10176,中国推销员,电影
10177,狄仁杰之蚩尤血藤,电影
10178,兄弟班,电影
10179,笔仙大战贞子2,电影
10180,很高兴遇见·你,电影
10181,旺扎的雨靴,电影
10182,金城档案,电影
10183,幸福城市,电影
10184,四大名捕之食人梦界,电影
10185,只有大海知道,电影
10186,德云社丁酉年封箱庆典2018,电影
10187,天才J之致命推理,电影
10188,天才J之第二个J,电影
10189,求求你爱上我,电影
10190,切小金家的旅馆,电影
10191,兴风作浪,电影
10192,杀瓜,电影
10193,特别追踪,电影
10194,空手道,电影
10195,的士诡谈,电影
10196,最后的日出,电影
10197,你不是一个人,电影
10198,伪婚男女,电影
10199,阿莉芙,电影
10200,滚动的钢蛋,电影
10201,大乐师．为爱配乐,电影
10202,未来机器城,电影
10203,海带,电影
10204,吻隐者,电影
10205,胡杨的夏天,电影
10206,逆向诱拐,电影
10207,有五个姐姐的我就注定要单身了啊！！,电影
10208,同名男子,电影
10209,小情书,电影
10210,那年八岁,电影
10211,小戏骨：放开那三国,电影
10212,吃货宇宙,电影
10213,缉枪,电影
10214,美丽,电影
10215,寻找罗麦,电影
10216,哀乐女子天团,电影
10217,天生不对,电影
10218,故事贩卖机,电影
10219,夏天19岁的肖像,电影
10220,烽火芳菲,电影
10221,常在你左右,电影
10222,战斗民族养成记,电影
10223,狂兽,电影
10224,黄金花,电影
10225,道高一丈,电影
10226,我说的都是真的,电影
10227,村戏,电影
10228,低压槽：欲望之城,电影
10229,角头2：王者再起,电影
10230,我是你妈,电影
10231,三夫,电影
10232,米花之味,电影
10233,小猪佩奇过大年,电影
10234,父子雄兵,电影
10235,七十七天,电影
10236,妈妈咪鸭,电影
10237,在乎你,电影
10238,忠爱无言,电影
10239,21克拉,电影
10240,破·局,电影
10241,大师兄,电影
10242,侠盗联盟,电影
10243,翠丝,电影
10244,妖铃铃,电影
10245,天气预爆,电影
10246,明月几时有,电影
10247,心理罪,电影
10248,一吻定情,电影
10249,相爱相亲,电影
10250,阳台上,电影
10251,嘉年华,电影
10252,大护法,电影
10253,大象席地而坐,电影
10254,反贪风暴3,电影
10255,追龙,电影
10256,大佛普拉斯,电影
10257,血观音,电影
10258,谁先爱上他的,电影
10259,“大”人物,电影
10260,李茶的姑妈,电影
10261,江湖儿女,电影
10262,快把我哥带走,电影
10263,妖猫传,电影
10264,羞羞的铁拳,电影
10265,暴裂无声,电影
10266,超时空同居,电影
10267,强尼凯克,电影
10268,风中有朵雨做的云,电影
10269,纯真年代,电影
10270,鬼故事,电影
10271,忌日快乐,电影
10272,异形：契约,电影
10273,解除好友2：暗网,电影
10274,寄宿学校,电影
10275,电锯惊魂8：竖锯,电影
10276,小丑回魂,电影
10277,遗传厄运,电影
10278,修女,电影
10279,昆池岩,电影
10280,寂静之地,电影
10281,阴风阵阵,电影
10282,霸主,电影
10283,潜伏4：锁命亡灵,电影
10284,诡怪疑云,电影
10285,月光光心慌慌,电影
10286,摄影机不要停！,电影
10287,噩梦娃娃屋,电影
10288,黑夜吞噬世界,电影
10289,使徒,电影
10290,黑森灵,电影
10291,狼屋,电影
10292,死寂,电影
10293,猖獗,电影
10294,安娜贝尔2：诞生,电影
10295,康斯坦丁：恶魔之城 电影版,电影
10296,人皮脸,电影
10297,坏种,电影
10298,活尸电梯,电影
10299,辣手保姆,电影
10300,忌日快乐2,电影
10301,生化危机：复仇,电影
10302,真心话大冒险,电影
10303,杰罗德游戏,电影
10304,马柔本宅秘事,电影
10305,宠物坟场,电影
10306,1922,电影
10307,八四年夏天,电影
10308,撒旦的奴隶,电影
10309,地面之洞,电影
10310,恶魔的请柬,电影
10311,苌山虎,电影
10312,地狱游乐园,电影
10313,承诺,电影
10314,鬼娃回魂7,电影
10315,惊心食人族3,电影
10316,许愿,电影
10317,汉娜格蕾丝的着魔,电影
10318,疯狂父母,电影
10319,靶场,电影
10320,俄国新娘,电影
10321,遗愿,电影
10322,野生狼性,电影
10323,房客,电影
10324,美人鱼之死亡湖,电影
10325,禁入直播,电影
10326,鬼屋,电影
10327,曼蒂,电影
10328,地狱铁匠,电影
10329,鬼网,电影
10330,心怀恶意,电影
10331,好孩子,电影
10332,童使,电影
10333,鬼哭神嚎：觉醒,电影
10334,末世家园,电影
10335,刑罚,电影
10336,蛰伏,电影
10337,鸡皮疙瘩2：闹鬼万圣节,电影
10338,吸血粘土,电影
10339,食人之饥,电影
10340,下课,电影
10341,行监坐守,电影
10342,原始狂暴：大脚怪传奇,电影
10343,无眠夜,电影
10344,血宴,电影
10345,幽冥之家,电影
10346,尸控警戒,电影
10347,恶灵之家,电影
10348,第三只眼睛,电影
10349,末世人间道,电影
10350,毁灭僵尸,电影
10351,皮附,电影
10352,成人婴儿的进攻,电影
10353,黑暗缪斯,电影
10354,黑盒子,电影
10355,安娜和世界末日,电影
10356,等待指示,电影
10357,今晚打丧尸,电影
10358,小小陌生人,电影
10359,午夜人,电影
10360,快乐猎杀,电影
10361,小恶魔,电影
10362,监控惊魂,电影
10363,打车惊魂,电影
10364,屠宰场准则,电影
10365,萨布丽娜的惊心冒险：圣诞特别集,电影
10366,零号病人,电影
10367,暗夜鬼抓床,电影
10368,陌生人2,电影
10369,短柄斧4,电影
10370,黑仙女,电影
10371,邪恶宿舍夜惊魂,电影
10372,玛拉,电影
10373,东京食尸鬼 真人版,电影
10374,吉屋,电影
10375,第三波,电影
10376,女哭声,电影
10377,断魂小丑,电影
10378,灵蚀,电影
10379,失心病狂,电影
10380,温彻斯特,电影
10381,大雄的怀念奶奶,电影
10382,代号基亚斯：反叛的鲁路修1之兴道,电影
10383,欢乐时光,电影
10384,悠哉日常大王剧场版：假期活动,电影
10385,莫扎特！,电影
10386,卡斯特纳与小星期二,电影
10387,浓情酒乡,电影
10388,续·终物语,电影
10389,独孤：倒回,电影
10390,遥望南方的童年,电影
10391,我这样过了一生,电影
10392,银河铁道之夜,电影
10393,我的英雄学院 第2季：英雄笔记,电影
10394,罗马11时,电影
10395,柠檬水,电影
10396,葛饰北斋：为画痴狂,电影
10397,笑傲江湖,电影
10398,旅猫日记,电影
10399,不设限通缉,电影
10400,妄想学生会 剧场版,电影
10401,青春冒险王,电影
10402,克罗地亚宪法,电影
10403,砂制时镜下的疗养院,电影
10404,工作,电影
10405,理查三世,电影
10406,阴谋,电影
10407,与安德烈晚餐,电影
10408,帷幕：波洛的最后一案,电影
10409,安琪拉的灰烬,电影
10410,南方,电影
10411,亚人3：冲戟,电影
10412,与墨索里尼喝茶,电影
10413,诸神的欲望,电影
10414,死亡之夜,电影
10415,T省的八四、八五年,电影
10416,霹雳奇幻 生死一剑,电影
10417,少女与战车 最终章 第1话,电影
10418,通往自由的通道,电影
10419,红军与白军,电影
10420,布加勒斯特东12点8分,电影
10421,战火,电影
10422,冰上轻驰,电影
10423,海贼王娜美篇：航海士的眼泪与牵绊,电影
10424,红河,电影
10425,我的美国舅舅,电影
10426,萨拉戈萨手稿,电影
10427,爱德华·蒙克,电影
10428,编织的女孩,电影
10429,葬礼,电影
10430,巨人传,电影
10431,第68届NHK红白歌会,电影
10432,叛逆边缘,电影
10433,啪嗒啪嗒,电影
10434,Free! 男子游泳部 特别版,电影
10435,逃离索比堡,电影
10436,贤治之春,电影
10437,流浪艺人,电影
10438,皮罗斯马尼,电影
10439,解放,电影
10440,决战之后,电影
10441,罗宾汉,电影
10442,飞翔吧！埼玉,电影
10443,亨利六世：第二部分,电影
10444,长夜漫漫路迢迢,电影
10445,弗兰西斯,电影
10446,赛文奥特曼 我是地球人,电影
10447,第四十一,电影
10448,搬家,电影
10449,谋杀启事,电影
10450,善意的谎言,电影
10451,穿制服的女孩,电影
10452,大人别出声,电影
10453,龙樱：东大考试机密技巧总传授SP,电影
10454,草房子,电影
10455,梦想者四夜,电影
10456,灌篮高手 剧场版2,电影
10457,鬼火,电影
10458,乞爱者,电影
10459,不可思议的收缩人,电影
10460,独生子,电影
10461,饭,电影
10462,烟,电影
10463,看狗在说话,电影
10464,星际宝贝：终极任务,电影
10465,雪地黄金犬,电影
10466,三心两性,电影
10467,小逃亡者,电影
10468,潘多拉的魔盒,电影
10469,迪迦奥特曼&戴拿奥特曼 光之星的战士们,电影
10470,豺狼时刻,电影
10471,爵士风情,电影
10472,三宅一生：为设计而生,电影
10473,审问,电影
10474,灌篮高手 剧场版3,电影
10475,夏天的大人们,电影
10476,众神与野兽,电影
10477,下水道,电影
10478,剧场版 假面骑士555 消失的天堂,电影
10479,人民公仆2,电影
10480,杰克,电影
10481,大捷,电影
10482,航海家,电影
10483,土地与自由,电影
10484,伯特伦旅馆之谜,电影
10485,云,电影
10486,雨停了,电影
10487,遗失的世界,电影
10488,安东尼娅家族,电影
10489,爱无国界,电影
10490,爱的挽歌,电影
10491,萨拉邦德,电影
10492,甜蜜的永远,电影
10493,沃特希普高地,电影
10494,歼匪喋血战,电影
10495,猫和老鼠：火星之旅,电影
10496,其实在天堂,电影
10497,火宅之人,电影
10498,空之境界 俯瞰风景3D,电影
10499,三国志：英雄的黎明,电影
10500,群众,电影
10501,亚当的苹果,电影
10502,排球少年剧场版：结束与开始,电影
10503,吟游诗人,电影
10504,天仙配,电影
10505,欢愉,电影
10506,希德尼娅的骑士 剧场版,电影
10507,里欧洛,电影
10508,坐在人生边上——杨绛,电影
10509,被遗忘的人们,电影
10510,拽妹黛薇儿之暑假要结束了没,电影
10511,双城记,电影
10512,福尔摩斯：跳舞的人,电影
10513,勒克瑙之花,电影
10514,夜叉,电影
10515,随我婆娑,电影
10516,绞死刑,电影
10517,叛国作家,电影
10518,因果论,电影
10519,呐喊,电影
10520,滑铁卢战役,电影
10521,风的第一声呼吸,电影
10522,夜车,电影
10523,宾虚,电影
10524,寅次郎的故事1,电影
10525,今夕何夕,电影
10526,米奇与魔豆,电影
10527,巴斯克维尔的猎犬,电影
10528,童年的收音机,电影
10529,葛楚,电影
10530,告别昨日,电影
10531,来临,电影
10532,嘉丽妹妹,电影
10533,人生,电影
10534,小戏骨：包青天之秦香莲与陈世美,电影
10535,老男人,电影
10536,岁月河山之我家的女人,电影
10537,我的美国心,电影
10538,抛开自我空间,电影
10539,伊凡王子与百变公主,电影
10540,绅士的启示联盟,电影
10541,特蕾莎修女,电影
10542,我的家人和其他动物,电影
10543,路德维希,电影
10544,祇园姊妹,电影
10545,机动战士高达 雷霆宙域 DECEMBER SKY,电影
10546,那天妈妈来看我,电影
10547,维拉·德雷克,电影
10548,豺狼的日子,电影
10549,谁来为我摘月亮,电影
10550,盗日者,电影
10551,人间的条件(第三、四部),电影
10552,奈克瑟斯奥特曼剧场版,电影
10553,吹响悠风号剧场版：欢迎来到北宇治高中吹奏乐部,电影
10554,大宅门,电影
10555,升空号,电影
10556,儿子,电影
10557,力争上游,电影
10558,羞耻,电影
10559,超豪华！！最初也是最后的大同窗会！8时J,电影
10560,另一个女人,电影
10561,新世纪福音战士 第0:0话 诞生之始,电影
10562,漩涡之外,电影
10563,推销员之死,电影
10564,人间的条件(第五、六部),电影
10565,词语,电影
10566,绿地黄花,电影
10567,化身博士,电影
10568,小树的故事,电影
10569,迪迦&戴拿&盖亚·奥特曼 超时空的大决戦,电影
10570,饥饿海峡,电影
10571,笔中情,电影
10572,熊猫的故事,电影
10573,阿尔卡特兹的养鸟人,电影
10574,残菊物语,电影
10575,鲁邦三世：血烟的石川五右卫门,电影
10576,疤面人,电影
10577,请问您今天要来点兔子吗 剧场版,电影
10578,鲁邦三世：次元大介的墓碑,电影
10579,受影响的女人,电影
10580,焦点新闻,电影
10581,天堂孤影,电影
10582,首演之夜,电影
10583,幽灵马车,电影
10584,待客之道,电影
10585,纳什维尔,电影
10586,五月碧云天,电影
10587,伸张正义,电影
10588,我的上高,电影
10589,吹响悠风号剧场版：想要传达的旋律,电影
10590,代号基亚斯：反叛的鲁路修3之皇道,电影
10591,英伦性丑闻,电影
10592,阿弥陀堂讯息,电影
10593,等待戈多,电影
10594,我身体里的那个家伙,电影
10595,魔女,电影
10596,国家破产之日,电影
10597,小森林,电影
10598,摇摆狂潮,电影
10599,极限职业,电影
10600,燃烧,电影
10601,特工,电影
10602,杀人者的记忆法,电影
10603,与神同行2：因与缘,电影
10604,我能说,电影
10605,军舰岛,电影
10606,你的婚礼,电影
10607,门锁,电影
10608,记忆之夜,电影
10609,铁雨,电影
10610,南汉山城,电影
10611,白小姐,电影
10612,真实,电影
10613,绝地隧战,电影
10614,青年警察,电影
10615,麻药王,电影
10616,文集,电影
10617,证人,电影
10618,玉子,电影
10619,暗数杀人,电影
10620,方法派,电影
10621,小公女,电影
10622,邻里的人们,电影
10623,侦探2,电影
10624,消失的夜晚,电影
10625,人间，空间，时间和人,电影
10626,克莱尔的相机,电影
10627,屠夫小姐,电影
10628,咏鹅,电影
10629,草叶集,电影
10630,那就是我的世界,电影
10631,逃组,电影
10632,奇妙幽灵,电影
10633,女生宿舍,电影
10634,沉睡蝴蝶,电影
10635,7号室,电影
10636,复仇岛,电影
10637,记得我,电影
10638,冠军,电影
10639,少女的世界,电影
10640,好久不见,电影
10641,她的故事,电影
10642,怎么就结婚了,电影
10643,石雕宅邸杀人案,电影
10644,姐姐的朋友2,电影
10645,7年之夜,电影
10646,准备,电影
10647,朝鲜名侦探：吸血怪魔的秘密,电影
10648,关于我情敌的一切,电影
10649,小妈妈,电影
10650,宫合,电影
10651,代立军,电影
10652,逆谋：叛乱的时代,电影
10653,兴夫,电影
10654,美丽人生,电影
10655,琉璃庭院,电影
10656,美玉,电影
10657,朴烈,电影
10658,你的请求,电影
10659,大将金昌洙,电影
10660,门,电影
10661,幻视,电影
10662,B主任和情书,电影
10663,牺牲复活者,电影
10664,聚会的目的2,电影
10665,摔跤选手,电影
10666,善良的嫂子2,电影
10667,性板17,电影
10668,如果我们是季节,电影
10669,罗马假日,电影
10670,兄弟,电影
10671,沉默,电影
10672,明堂,电影
10673,杀人小说,电影
10674,表妹,电影
10675,边山,电影
10676,风风风,电影
10677,物怪,电影
10678,姨母的诱惑,电影
10679,嫂子的职业,电影
10680,一级机密,电影
10681,德九,电影
10682,妈妈的职业,电影
10683,金色梦乡,电影
10684,一定要抓住,电影
10685,人狼,电影
10686,姐姐,电影
10687,念力,电影
10688,上流社会,电影
10689,钱袋,电影
10690,词典,电影
10691,一天,电影
10692,不汗党,电影
10693,之后,电影
10694,目击者,电影
10695,愤怒的黄牛,电影
10696,恶女,电影
10697,杀人优越权,电影
10698,骗子,电影
10699,江边旅馆,电影
10700,完美的他人,电影
10701,犯罪都市,电影
10702,协商,电影
10703,娑婆诃,电影
10704,毒战,电影
10705,现在去见你,电影
10706,与神同行：罪与罚,电影
10707,钱,电影
10708,祈祷落幕时,电影
10709,密室逃生,电影
10710,东方快车谋杀案,电影
10711,深红累之渊,电影
10712,网络谜踪,电影
10713,调音师,电影
10714,一个小忙,电影
10715,海市蜃楼,电影
10716,迷镇凶案,电影
10717,圣鹿之死,电影
10718,骡子,电影
10719,金钱世界,电影
10720,母亲！,电影
10721,皇家酒店谋杀案,电影
10722,红雀,电影
10723,去年冬天与你分手,电影
10724,第三度嫌疑人,电影
10725,雪人,电影
10726,宁静,电影
10727,64号病历,电影
10728,你从未在此,电影
10729,她不知道名字的那些鸟儿,电影
10730,游戏之夜,电影
10731,黑镜：潘达斯奈基,电影
10732,检察方的罪人,电影
10733,天鹅绒圆锯,电影
10734,浮生梦,电影
10735,摇曳的心,电影
10736,死亡笔记,电影
10737,科洛弗悖论,电影
10738,畸形屋,电影
10739,阿加莎与谋杀的真谛,电影
10740,劫匪,电影
10741,野小子们,电影
10742,不能犯,电影
10743,人尽皆知,电影
10744,双套结杀手,电影
10745,果戈里·起点,电影
10746,伦敦战场,电影
10747,画师,电影
10748,幻土,电影
10749,空中轮胎,电影
10750,暗夜良人,电影
10751,野兽,电影
10752,吊人游戏,电影
10753,虚拟实惊,电影
10754,巴比龙,电影
10755,梅格雷在蒙马特,电影
10756,杀无赦I入局,电影
10757,血十三,电影
10758,欢乐时光谋杀案,电影
10759,守塔人,电影
10760,朋友游戏 真人版下,电影
10761,不良街区,电影
10762,香港大营救,电影
10763,借眼,电影
10764,天才J之谜题里的倒计时,电影
10765,狄仁杰之轮回图,电影
10766,杀无赦III背水一战,电影
10767,杀无赦II逃亡之路,电影
10768,迷失地铁,电影
10769,超级骑警2,电影
10770,欢迎陌生人,电影
10771,神秘博士元旦特辑：新年决心,电影
10772,福尔摩斯与华生,电影
10773,赶尽杀绝,电影
10774,不期而遇,电影
10775,玛德琳的玛德琳,电影
10776,伊阿索密码,电影
10777,微光湖,电影
10778,大马士革掩护行动,电影
10779,从未在此,电影
10780,冰果 真人版,电影
10781,果戈里·复仇,电影
10782,朋友游戏 真人版上,电影
10783,果戈里·恶灵,电影
10784,谜证,电影
10785,缄默,电影
10786,真相漩涡,电影
10787,克隆人,电影
10788,爱上谎言的女人,电影
10789,虽然只是弄丢了手机,电影
10790,拉普拉斯的魔女,电影
10791,天作谜案,电影
10792,玻璃先生,电影
10793,22年后的自白,电影
10794,名侦探柯南：零的执行人,电影
10795,泰坦尼克号,电影
10796,霸王别姬,电影
10797,阿甘正传,电影
10798,疯狂动物城,电影
10799,摔跤吧！爸爸,电影
10800,小偷家族,电影
10801,这个杀手不太冷,电影
10802,肖申克的救赎,电影
10803,复仇者联盟3：无限战争,电影
10804,绿皮书,电影
10805,你的名字。,电影
10806,千与千寻,电影
10807,盗梦空间,电影
10808,头号玩家,电影
10809,寻梦环游记,电影
10810,阿凡达,电影
10811,海上钢琴师,电影
10812,无间道,电影
10813,钢铁侠,电影
10814,大话西游之月光宝盒,电影
10815,龙猫,电影
10816,当幸福来敲门,电影
10817,放牛班的春天,电影
10818,复仇者联盟,电影
10819,波西米亚狂想曲,电影
10820,让子弹飞,电影
10821,大话西游之大圣娶亲,电影
10822,碟中谍6：全面瓦解,电影
10823,看不见的客人,电影
10824,功夫,电影
10825,初恋这件小事,电影
10826,喜剧之王,电影
10827,熔炉,电影
10828,辛德勒的名单,电影
10829,银河护卫队2,电影
10830,那些年，我们一起追的女孩,电影
10831,驴得水,电影
10832,狗十三,电影
10833,天才枪手,电影
10834,银河护卫队,电影
10835,唐伯虎点秋香,电影
10836,釜山行,电影
10837,三块广告牌,电影
10838,蝴蝶效应,电影
10839,教父,电影
10840,倩女幽魂,电影
10841,哈利·波特与魔法石,电影
10842,末代皇帝,电影
10843,天使爱美丽,电影
10844,剪刀手爱德华,电影
10845,爱乐之城,电影
10846,西西里的美丽传说,电影
10847,哈尔的移动城堡,电影
10848,美丽人生,电影
10849,无敌破坏王2：大闹互联网,电影
10850,罗马假日,电影
10851,超能陆战队,电影
10852,敦刻尔克,电影
10853,西游记之大圣归来,电影
10854,黑客帝国,电影
10855,加勒比海盗,电影
10856,七宗罪,电影
10857,疯狂的石头,电影
10858,素媛,电影
10859,活着,电影
10860,猫鼠游戏,电影
10861,闻香识女人,电影
10862,本杰明·巴顿奇事,电影
10863,火星救援,电影
10864,天空之城,电影
10865,狮子王,电影
10866,情书,电影
10867,搏击俱乐部,电影
10868,秒速5厘米,电影
10869,致命魔术,电影
10870,冰雪奇缘,电影
10871,哈利·波特与死亡圣器(下),电影
10872,东邪西毒,电影
10873,沉默的羔羊,电影
10874,指环王1：魔戒再现,电影
10875,傲慢与偏见,电影
10876,黑天鹅,电影
10877,恐怖游轮,电影
10878,亲爱的,电影
10879,X战警：逆转未来,电影
10880,完美陌生人,电影
10881,重庆森林,电影
10882,驯龙高手,电影
10883,窃听风暴,电影
10884,致命ID,电影
10885,国王的演讲,电影
10886,鬼子来了,电影
10887,断背山,电影
10888,恐怖直播,电影
10889,源代码,电影
10890,英雄本色,电影
10891,辩护人,电影
10892,爱在日落黄昏时,电影
10893,饮食男女,电影
10894,萤火之森,电影
10895,无敌破坏王,电影
10896,模仿游戏,电影
10897,金陵十三钗,电影
10898,银翼杀手2049,电影
10899,告白,电影
10900,时空恋旅人,电影
10901,春光乍泄,电影
10902,头脑特工队,电影
10903,爱在黎明破晓前,电影
10904,海边的曼彻斯特,电影
10905,射雕英雄传之东成西就,电影
10906,彗星来的那一夜,电影
10907,穿条纹睡衣的男孩,电影
10908,阳光姐妹淘,电影
10909,恋恋笔记本,电影
10910,音乐之声,电影
10911,岁月神偷,电影
10912,哈利·波特与密室,电影
10913,垫底辣妹,电影
10914,疯狂的麦克斯4：狂暴之路,电影
10915,后天,电影
10916,记忆碎片,电影
10917,神偷奶爸2,电影
10918,菊次郎的夏天,电影
10919,小森林 夏秋篇,电影
10920,猩球崛起,电影
10921,九品芝麻官,电影
10922,控方证人,电影
10923,达拉斯买家俱乐部,电影
10924,勇敢的心,电影
10925,幽灵公主,电影
10926,哈利·波特与火焰杯,电影
10927,无人区,电影
10928,被解救的姜戈,电影
10929,电锯惊魂,电影
10930,变形金刚,电影
10931,至暗时刻,电影
10932,小鬼当家,电影
10933,第六感,电影
10934,哈利·波特与阿兹卡班的囚徒,电影
10935,明日边缘,电影
10936,香水,电影
10937,花样年华,电影
10938,我的野蛮女友,电影
10939,纵横四海,电影
10940,杀人回忆,电影
10941,入殓师,电影
10942,闪灵,电影
10943,加勒比海盗2：聚魂棺,电影
10944,新龙门客栈,电影
10945,海底总动员,电影
10946,速度与激情5,电影
10947,幸福终点站,电影
10948,国产凌凌漆,电影
10949,荒蛮故事,电影
10950,红辣椒,电影
10951,玩具总动员3,电影
10952,白日梦想家,电影
10953,无人知晓,电影
10954,爱在午夜降临前,电影
10955,穿越时空的少女,电影
10956,谍影重重3,电影
10957,美国往事,电影
10958,超脱,电影
10959,孤儿怨,电影
10960,十二公民,电影
10961,钢琴家,电影
10962,小王子,电影
10963,萤火虫之墓,电影
10964,杀死比尔,电影
10965,霍比特人2：史矛革之战,电影
10966,雨人,电影
10967,狩猎,电影
10968,风之谷,电影
10969,步履不停,电影
10970,这个男人来自地球,电影
10971,百鸟朝凤,电影
10972,小姐,电影
10973,侏罗纪公园,电影
10974,遗愿清单,电影
10975,怪兽大学,电影
10976,猜火车,电影
10977,言叶之庭,电影
10978,黑客帝国3：矩阵革命,电影
10979,欢乐好声音,电影
10980,美食总动员,电影
10981,玛丽和马克思,电影
10982,超人总动员,电影
10983,悬崖上的金鱼姬,电影
10984,荒岛余生,电影
10985,一一,电影
10986,穆赫兰道,电影
10987,幸福的拉扎罗,电影
10988,万物理论,电影
10989,师父,电影
10990,可可西里,电影
10991,和莎莫的500天,电影
10992,牯岭街少年杀人事件,电影
10993,甲方乙方,电影
10994,卡罗尔,电影
10995,钢的琴,电影
10996,黑衣人,电影
10997,海蒂和爷爷,电影
10998,红高粱,电影
10999,赎罪,电影
11000,罗生门,电影
11001,上帝之城,电影
11002,桃姐,电影
11003,社交网络,电影
11004,丹麦女孩,电影
11005,我，机器人,电影
11006,胭脂扣,电影
11007,触不可及(美版),电影
11008,巴斯特·斯克鲁格斯的歌谣,电影
11009,悲惨世界,电影
11010,阿黛尔的生活,电影
11011,老无所依,电影
11012,嫌疑人X的献身,电影
11013,撞车,电影
11014,浪潮,电影
11015,比海更深,电影
11016,你看起来好像很好吃,电影
11017,千钧一发,电影
11018,完美的世界,电影
11019,勇闯夺命岛,电影
11020,大卫·戈尔的一生,电影
11021,气球,电影
11022,惊魂记,电影
11023,升级,电影
11024,阳光小美女,电影
11025,里约大冒险,电影
11026,大空头,电影
11027,魔发奇缘,电影
11028,雏菊,电影
11029,枪火,电影
11030,暗战,电影
11031,我是谁：没有绝对安全的系统,电影
11032,燃情岁月,电影
11033,雨中曲,电影
11034,爱在暹罗,电影
11035,末路狂花,电影
11036,守望者,电影
11037,蒂凡尼的早餐,电影
11038,佛罗里达乐园,电影
11039,虎口脱险,电影
11040,弱点,电影
11041,有话好好说,电影
11042,隐藏人物,电影
11043,夜访吸血鬼,电影
11044,小岛惊魂,电影
11045,黄飞鸿,电影
11046,终结者,电影
11047,生存家族,电影
11048,追击者,电影
11049,春宵苦短，少女前进吧！,电影
11050,一树梨花压海棠,电影
11051,星际迷航,电影
11052,如晴天，似雨天,电影
11053,城市之光,电影
11054,兵临城下,电影
11055,人鬼情未了,电影
11056,百元之恋,电影
11057,最佳出价,电影
11058,百万美元宝贝,电影
11059,追随,电影
11060,落水狗,电影
11061,名侦探柯南：通向天国的倒计时,电影
11062,十二猴子,电影
11063,勇往直前,电影
11064,奇怪的她,电影
11065,电锯惊魂2,电影
11066,海洋之歌,电影
11067,监狱风云,电影
11068,年轻气盛,电影
11069,狗镇,电影
11070,马达加斯加3,电影
11071,一级恐惧,电影
11072,海盗电台,电影
11073,土拨鼠之日,电影
11074,开心家族,电影
11075,名侦探柯南：迷宫的十字路口,电影
11076,了不起的狐狸爸爸,电影
11077,后窗,电影
11078,堕落天使,电影
11079,赛德克·巴莱,电影
11080,东邪西毒：终极版,电影
11081,精武英雄,电影
11082,猫的报恩,电影
11083,红猪,电影
11084,名侦探柯南：世纪末的魔术师,电影
11085,千年女优,电影
11086,名侦探柯南：瞳孔中的暗杀者,电影
11087,恐袭波士顿,电影
11088,空中监狱,电影
11089,叫我第一名,电影
11090,你丫闭嘴！,电影
11091,战马,电影
11092,杰出公民,电影
11093,芝加哥,电影
11094,夏日大作战,电影
11095,角斗士,电影
11096,不成问题的问题,电影
11097,回到未来,电影
11098,黄海,电影
11099,名侦探柯南：引爆摩天楼,电影
11100,暖暖内含光,电影
11101,目击者之追凶,电影
11102,我爱你,电影
11103,如父如子,电影
11104,罗拉快跑,电影
11105,盲山,电影
11106,黑暗面,电影
11107,东京物语,电影
11108,廊桥遗梦,电影
11109,金福南杀人事件始末,电影
11110,白雪公主和七个小矮人,电影
11111,七武士,电影
11112,曾经,电影
11113,英雄本色2,电影
11114,绿里奇迹,电影
11115,逃离德黑兰,电影
11116,地球上的星星,电影
11117,飓风营救,电影
11118,梦之安魂曲,电影
11119,银翼杀手,电影
11120,八恶人,电影
11121,笑傲江湖2：东方不败,电影
11122,卡萨布兰卡,电影
11123,美女与野兽,电影
11124,月球,电影
11125,一次别离,电影
11126,老男孩,电影
11127,太阳照常升起,电影
11128,蓝宇,电影
11129,大红灯笼高高挂,电影
11130,华盛顿邮报,电影
11131,冰川时代3,电影
11132,午夜巴黎,电影
11133,英国病人,电影
11134,名侦探柯南：贝克街的亡灵,电影
11135,神探,电影
11136,冰川时代4,电影
11137,玩具总动员2,电影
11138,少年时代,电影
11139,情人,电影
11140,异形,电影
11141,为奴十二年,电影
11142,冰川时代2：融冰之灾,电影
11143,非常嫌疑犯,电影
11144,荒野生存,电影
11145,卢旺达饭店,电影
11146,天书奇谭,电影
11147,我是山姆,电影
11148,哪吒闹海,电影
11149,听说,电影
11150,未麻的部屋,电影
11151,魂断蓝桥,电影
11152,碟中谍,电影
11153,战争之王,电影
11154,萨利机长,电影
11155,美国丽人,电影
11156,黑鹰坠落,电影
11157,云图,电影
11158,罗马,电影
11159,夏目友人帐,电影
11160,疯狂的赛车,电影
11161,家有喜事,电影
11162,喜宴,电影
11163,无主之作,电影
11164,养家之人,电影
11165,僵尸新娘,电影
11166,新世界,电影
11167,血钻,电影
11168,黑客帝国2：重装上阵,电影
11169,赌神,电影
11170,终结者2：审判日,电影
11171,忠犬八公物语,电影
11172,天才少女,电影
11173,朗读者,电影
11174,变脸,电影
11175,聚焦,电影
11176,至爱梵高·星空之谜,电影
11177,小鞋子,电影
11178,第九区,电影
11179,教父3,电影
11180,无耻混蛋,电影
11181,假如爱有天意,电影
11182,谍影重重,电影
11183,2001太空漫游,电影
11184,蝙蝠侠：侠影之谜,电影
11185,霍比特人3：五军之战,电影
11186,人工智能,电影
11187,加勒比海盗3：世界的尽头,电影
11188,两小无猜,电影
11189,玩具总动员,电影
11190,E.T. 外星人,电影
11191,碟中谍4,电影
11192,摩登时代,电影
11193,甜蜜蜜,电影
11194,犬之岛,电影
11195,十二怒汉,电影
11196,爱你，西蒙,电影
11197,无间道2,电影
11198,我的个神啊,电影
11199,风声,电影
11200,霍比特人1：意外之旅,电影
11201,小森林 冬春篇,电影
11202,她,电影
11203,海街日记,电影
11204,卧虎藏龙,电影
11205,借东西的小人阿莉埃蒂,电影
11206,一个叫欧维的男人决定去死,电影
11207,侧耳倾听,电影
11208,X战警：第一战,电影
11209,房间,电影
11210,魔女宅急便,电影
11211,哈利·波特与死亡圣器(上),电影
11212,大闹天宫,电影
11213,查理和巧克力工厂,电影
11214,两杆大烟枪,电影
11215,比利·林恩的中场战事,电影
11216,何以为家,电影
11217,教父2,电影
11218,爆裂鼓手,电影
11219,功夫熊猫,电影
11220,飞越疯人院,电影
11221,心迷宫,电影
11222,青蛇,电影
11223,7号房的礼物,电影
11224,贫民窟的百万富翁,电影
11225,阳光灿烂的日子,电影
11226,阿飞正传,电影
11227,天堂电影院,电影
11228,帕丁顿熊2,电影
11229,乱世佳人,电影
11230,冰川时代,电影
11231,指环王2：双塔奇兵,电影
11232,死亡诗社,电影
11233,拯救大兵瑞恩,电影
11234,真爱至上,电影
11235,速度与激情7,电影
11236,蝙蝠侠：黑暗骑士崛起,电影
11237,色，戒,电影
11238,心灵捕手,电影
11239,指环王3：王者无敌,电影
11240,金刚狼3：殊死一战,电影
11241,怪兽电力公司,电影
11242,王牌特工：特工学院,电影
11243,小萝莉的猴神大叔,电影
11244,烈日灼心,电影
11245,被嫌弃的松子的一生,电影
11246,低俗小说,电影
11247,消失的爱人,电影
11248,疯狂原始人,电影
11249,禁闭岛,电影
11250,布达佩斯大饭店,电影
11251,美丽心灵,电影
11252,奇迹男孩,电影
11253,请以你的名字呼唤我,电影
11254,神偷奶爸,电影
11255,血战钢锯岭,电影
11256,蝙蝠侠：黑暗骑士,电影
11257,V字仇杀队,电影
11258,触不可及,电影
11259,飞屋环游记,电影
11260,蜘蛛侠：平行宇宙,电影
11261,机器人总动员,电影
11262,少年派的奇幻漂流,电影
11263,楚门的世界,电影
11264,星际穿越,电影
11265,忠犬八公的故事,电影
11266,三傻大闹宝莱坞,电影
11267,怦然心动,电影
11268,铁甲钢拳,电影
11269,万箭穿心,电影
11270,东京教父,电影
11271,蓝色大门,电影
11272,发条橙,电影
11273,大鱼,电影
11274,谍影重重2,电影
11275,再次出发之纽约遇见你,电影
11276,彼铁卢,电影
11277,海王,电影
11278,毒液：致命守护者,电影
11279,蚁人2：黄蜂女现身,电影
11280,死侍2：我爱我家,电影
11281,阿丽塔：战斗天使,电影
11282,神奇动物：格林德沃之罪,电影
11283,宠儿,电影
11284,一条狗的回家路,电影
11285,一个明星的诞生,电影
11286,我想吃掉你的胰脏,电影
11287,龙珠超：布罗利,电影
11288,胡桃夹子和四个王国,电影
11289,巨齿鲨,电影
11290,女孩,电影
11291,夜以继日,电影
11292,憨豆特工3,电影
11293,瞒天过海：美人计,电影
11294,境·界,电影
11295,超人总动员2,电影
11296,我的英雄学院：两位英雄,电影
11297,摘金奇缘,电影
11298,野梨树,电影
11299,摩天营救,电影
11300,太空生活,电影
11301,副总统,电影
11302,精灵旅社3：疯狂假期,电影
11303,企鹅公路,电影
11304,蒙上你的眼,电影
11305,银魂2,电影
11306,北极,电影
11307,三方国界,电影
11308,芳龄十六,电影
11309,登月第一人,电影
11310,驭风男孩,电影
11311,T-34坦克,电影
11312,你的鸟儿会唱歌,电影
11313,极线杀手,电影
11314,咖啡未冷前,电影
11315,乐高大电影2,电影
11316,山茶花飘零,电影
11317,侏罗纪世界2,电影
11318,我的间谍前男友,电影
11319,黑色党徒,电影
11320,死亡天使,电影
11321,速成家庭,电影
11322,喜欢，轻吻，快跑,电影
11323,欢迎来到马文镇,电影
11324,三重威胁之跨国大营救,电影
11325,你能原谅我吗？,电影
11326,希斯特斯兄弟,电影
11327,冷战,电影
11328,本回家了,电影
11329,阿尔法：狼伴归途,电影
11330,朋克武士,电影
11331,老人和枪,电影
11332,硬核机器人,电影
11333,假若比尔街能说话,电影
11334,污垢,电影
11335,正义联盟大战致命五人组,电影
11336,私人战争,电影
11337,无间炼狱,电影
11338,玛丽女王,电影
11339,老爸102岁,电影
11340,滴答屋,电影
11341,库尔斯克,电影
11342,自由了！,电影
11343,冰海陷落,电影
11344,印度暴徒,电影
11345,斯坦和奥利,电影
11346,漂亮男孩,电影
11347,王者少年,电影
11348,妈妈咪呀2,电影
11349,挪威7·22爆炸枪击案,电影
11350,边境杀手2：边境战士,电影
11351,孤狼之血,电影
11352,逃出水泥地,电影
11353,指挥家,电影
11354,肆式青春,电影
11355,盛夏,电影
11356,寡妇联盟,电影
11357,小家伙,电影
11358,边境,电影
11359,银湖之底,电影
11360,游侠索罗：星球大战外传,电影
11361,罗宾汉：起源,电影
11362,集中营里的摄影师,电影
11363,惊涛飓浪,电影
11364,我的冤家是条狗,电影
11365,90年代中期,电影
11366,野性,电影
11367,战中女人,电影
11368,光之声,电影
11369,一代巨星桑杰君,电影
11370,法外之王,电影
11371,犬舍惊魂,电影
11372,薄荷,电影
11373,哈纳莱伊湾,电影
11374,乔纳斯,电影
11375,小小巨人,电影
11376,君主！先发制人,电影
11377,少年泰坦出击电影版,电影
11378,初吻50次,电影
11379,三次元女友,电影
11380,超人王朝,电影
11381,牵牛花与加濑同学,电影
11382,地牢回忆,电影
11383,罗布奥特曼剧场版：决定了！羁绊的水晶,电影
11384,时间怪客,电影
11385,我的杰作,电影
11386,蜘蛛网中的女孩,电影
11387,镜中人,电影
11388,抓人游戏,电影
11389,风的另一边,电影
11390,谁杀死了堂吉诃德,电影
11391,一生,电影
11392,把哥哥退货可以吗？,电影
11393,一周不死，全额退款,电影
11394,嗜人之夜,电影
11395,人类清除计划4,电影
11396,影像之书,电影
11397,最好的朋友,电影
11398,乌里：外科手术式打击,电影
11399,每天回家都会看到老婆在装死,电影
11400,超人之死,电影
11401,永恒之门,电影
11402,22英里,电影
11403,塔巴德,电影
11404,高潮,电影
11405,难道不浪漫,电影
11406,响：成为小说家的方法,电影
11407,伸冤人2,电影
11408,开战,电影
11409,命运之夜——天之杯2：失去之蝶,电影
11410,雪怪大冒险,电影
11411,绿毛怪格林奇,电影
11412,你给的仇恨,电影
11413,恋如雨止,电影
11414,未来的未来,电影
11415,致所有我曾爱过的男孩,电影
11416,克里斯托弗·罗宾,电影
11417,脱欧：无理之战,电影
11418,大浴场,电影
11419,铁血战士,电影
11420,遇见女孩的感觉,电影
11421,被抹去的男孩,电影
11422,奎迪：英雄再起,电影
11423,欢乐满人间2,电影
11424,德鲁大叔,电影
11425,终点到达,电影
11426,邻座的怪同学,电影
11427,掠食城市,电影
11428,阳光姐妹淘,电影
11429,此房是我造,电影
11430,性别为本,电影
11431,驯龙高手3,电影
11432,大黄蜂,电影
11433,北京遇上西雅图,电影
11434,一条狗的使命,电影
11435,滚蛋吧！肿瘤君,电影
11436,神秘巨星,电影
11437,唐山大地震,电影
11438,流浪猫鲍勃,电影
11439,北京遇上西雅图之不二情书,电影
11440,我的少女时代,电影
11441,七月与安生,电影
11442,捉妖记,电影
11443,镰仓物语,电影
11444,老炮儿,电影
11445,帕丁顿熊,电影
11446,狼少年,电影
11447,重返20岁,电影
11448,从你的全世界路过,电影
11449,神偷奶爸3,电影
11450,海洋天堂,电影
11451,泰迪熊,电影
11452,浪矢解忧杂货店,电影
11453,致我们终将逝去的青春,电影
11454,降临,电影
11455,港囧,电影
11456,十月围城,电影
11457,隐秘而伟大,电影
11458,哪啊哪啊神去村,电影
11459,白兔糖,电影
11460,功夫熊猫3,电影
11461,深夜食堂电影版,电影
11462,美女与野兽,电影
11463,激战,电影
11464,一九四二,电影
11465,结婚礼服,电影
11466,麦兜·当当伴我心,电影
11467,我们俩,电影
11468,晚秋,电影
11469,西雅图未眠夜,电影
11470,隧道,电影
11471,爱·回家,电影
11472,英伦对决,电影
11473,猩球崛起2：黎明之战,电影
11474,搜索,电影
11475,天伦之旅,电影
11476,陪安东尼度过漫长岁月,电影
11477,金刚,电影
11478,驯龙高手2,电影
11479,不再让你孤单,电影
11480,和声,电影
11481,不一样的天空,电影
11482,马戏之王,电影
11483,比得兔,电影
11484,山楂树之恋,电影
11485,逆光飞翔,电影
11486,功夫熊猫2,电影
11487,我们天上见,电影
11488,血肉之躯,电影
11489,普罗旺斯的夏天,电影
11490,小羊肖恩,电影
11491,宝莲灯,电影
11492,天生一对,电影
11493,孤胆特工,电影
11494,爱,电影
11495,孙子从美国来,电影
11496,他是龙,电影
11497,贝利叶一家,电影
11498,假结婚,电影
11499,季春奶奶,电影
11500,飞越老人院,电影
11501,人生密密缝,电影
11502,公牛历险记,电影
11503,恋爱假期,电影
11504,雄狮,电影
11505,负重前行,电影
11506,编舟记,电影
11507,宝贝老板,电影
11508,幸运是我,电影
11509,内在美,电影
11510,圆梦巨人,电影
11511,月升王国,电影
11512,小男孩,电影
11513,狗狗与我的十个约定,电影
11514,冰川时代5：星际碰撞,电影
11515,分手合约,电影
11516,王牌保镖,电影
11517,盗钥匙的方法,电影
11518,爸爸去哪儿,电影
11519,爱在记忆消逝前,电影
11520,濑户内海,电影
11521,末日崩塌,电影
11522,恋爱回旋,电影
11523,我的父亲母亲,电影
11524,海底总动员2：多莉去哪儿,电影
11525,春娇与志明,电影
11526,给朱丽叶的信,电影
11527,非常主播,电影
11528,中国合伙人,电影
11529,勇士,电影
11530,河童之夏,电影
11531,玉子爱情故事,电影
11532,麦兜故事,电影
11533,八月迷情,电影
11534,可爱的你,电影
11535,男与女,电影
11536,建筑学概论,电影
11537,闰年,电影
11538,海啸奇迹,电影
11539,推拿,电影
11540,南极料理人,电影
11541,相助,电影
11542,生活多美好,电影
11543,后会无期,电影
11544,中央车站,电影
11545,南极大冒险,电影
11546,长江七号,电影
11547,情圣,电影
11548,宝贝计划,电影
11549,家族之苦,电影
11550,魅影缝匠,电影
11551,情人节,电影
11552,姐姐的守护者,电影
11553,回家的路,电影
11554,欢迎来到东莫村,电影
11555,依然爱丽丝,电影
11556,灰姑娘,电影
11557,伴我同行,电影
11558,伦敦一家人,电影
11559,银魂,电影
11560,天佑鲍比,电影
11561,国际市场,电影
11562,观音山,电影
11563,伴你高飞,电影
11564,在这世界的角落,电影
11565,七磅,电影
11566,最爽的一天,电影
11567,恋空,电影
11568,念念手纪,电影
11569,北京爱情故事,电影
11570,完美陌生人(西班牙版),电影
11571,人生遥控器,电影
11572,追捕野蛮人,电影
11573,单身日记：好孕来袭,电影
11574,海角七号,电影
11575,喊·山,电影
11576,黑洞频率,电影
11577,西游降魔篇,电影
11578,重返十七岁,电影
11579,傲娇与偏见,电影
11580,蚯蚓,电影
11581,29+1,电影
11582,附注：我爱你,电影
11583,澄沙之味,电影
11584,怪物之子,电影
11585,赛车总动员3：极速挑战,电影
11586,博物馆奇妙夜3,电影
11587,功夫梦,电影
11588,栀子花开,电影
11589,世上最美的离别,电影
11590,李米的猜想,电影
11591,我是路人甲,电影
11592,法官老爹,电影
11593,你眼中的世界,电影
11594,天水围的日与夜,电影
11595,辉夜姬物语,电影
11596,一念无明,电影
11597,只有你,电影
11598,阿郎的故事,电影
11599,单身男女,电影
11600,瑞士军刀男,电影
11601,比悲伤更悲伤的故事,电影
11602,机器管家,电影
11603,魔弦传说,电影
11604,艾特熊和赛娜鼠,电影
11605,斗牛,电影
11606,与玛格丽特的午后,电影
11607,朱诺,电影
11608,波普先生的企鹅,电影
11609,我的机器人女友,电影
11610,我的特工爷爷,电影
11611,被偷走的那五年,电影
11612,坠入,电影
11613,蒂莫西的奇异生活,电影
11614,心房客,电影
11615,岁月的童话,电影
11616,刺猬的优雅,电影
11617,明日的我与昨日的你约会,电影
11618,丈夫得了抑郁症,电影
11619,壁花少年,电影
11620,少年斯派维的奇异旅行,电影
11621,爱你，罗茜,电影
11622,爱,电影
11623,向阳处的她,电影
11624,我和厄尔以及将死的女孩,电影
11625,莫娣,电影
11626,三个老枪手,电影
11627,那山那人那狗,电影
11628,山河故人,电影
11629,大兵小将,电影
11630,巴黎淘气帮,电影
11631,失孤,电影
11632,横道世之介,电影
11633,叶问3,电影
11634,诺丁山,电影
11635,给桃子的信,电影
11636,想爱就爱,电影
11637,九条命,电影
11638,奇迹,电影
11639,麦兜·我和我妈妈,电影
11640,最爱,电影
11641,星空,电影
11642,虞美人盛开的山坡,电影
11643,志明与春娇,电影
11644,全城热恋,电影
11645,乌云背后的幸福线,电影
11646,初恋50次,电影
11647,蝴蝶,电影
11648,爱宠大机密,电影
11649,雨果,电影
11650,我家买了动物园,电影
11651,星运里的错,电影
11652,深夜食堂2,电影
11653,沉睡魔咒,电影
11654,2012,电影
11655,精灵旅社2,电影
11656,大坏狐狸的故事,电影
11657,喜欢你,电影
11658,猩球崛起3：终极之战,电影
11659,失恋33天,电影
11660,流感,电影
11661,导盲犬小Q,电影
11662,狼的孩子雨和雪,电影
11663,归来,电影
11664,精灵旅社,电影
11665,声之形,电影
11666,我脑中的橡皮擦,电影
11667,心花路放,电影
11668,实习生,电影
11669,哆啦A梦：伴我同行,电影
11670,遇见你之前,电影
11671,夏洛特烦恼,电影
11672,一天,电影
11673,大鱼海棠,电影
11674,他其实没那么喜欢你,电影
11675,人在囧途,电影
11676,人再囧途之泰囧,电影
11677,乘风破浪,电影
11678,与君相恋100次,电影
11679,勇敢传说,电影
11680,时间旅行者的妻子,电影
11681,全民目击,电影
11682,美国队长2,电影
11683,美国队长3,电影
11684,湄公河行动,电影
11685,奇异博士,电影
11686,蚁人,电影
11687,钢铁侠3,电影
11688,唐人街探案,电影
11689,复仇者联盟2：奥创纪元,电影
11690,钢铁侠2,电影
11691,死侍,电影
11692,一代宗师,电影
11693,神奇动物在哪里,电影
11694,荒野猎人,电影
11695,黄金三镖客,电影
11696,X战警：天启,电影
11697,天下无贼,电影
11698,芙蓉镇,电影
11699,惊天魔盗团,电影
11700,雷神2：黑暗世界,电影
11701,背靠背，脸对脸,电影
11702,我是传奇,电影
11703,攻壳机动队,电影
11704,寻龙诀,电影
11705,侏罗纪世界,电影
11706,解救吾先生,电影
11707,催眠大师,电影
11708,罗曼蒂克消亡史,电影
11709,地心引力,电影
11710,不能说的秘密,电影
11711,碟中谍5：神秘国度,电影
11712,生化危机,电影
11713,灿烂人生,电影
11714,食神,电影
11715,速度与激情6,电影
11716,大内密探零零发,电影
11717,环太平洋,电影
11718,绣春刀,电影
11719,史密斯夫妇,电影
11720,极速风流,电影
11721,独立日,电影
11722,华尔街之狼,电影
11723,乱,电影
11724,无间道3：终极无间,电影
11725,变形金刚2,电影
11726,鹿鼎记,电影
11727,偷自行车的人,电影
11728,逃学威龙,电影
11729,叶问,电影
11730,魔兽,电影
11731,武状元苏乞儿,电影
11732,X战警,电影
11733,逃出绝命镇,电影
11734,哈利·波特与混血王子,电影
11735,蜘蛛侠,电影
11736,智取威虎山,电影
11737,了不起的盖茨比,电影
11738,茶馆,电影
11739,哈利·波特与凤凰社,电影
11740,穿普拉达的女王,电影
11741,黑豹,电影
11742,蜘蛛侠：英雄归来,电影
11743,王牌特工2：黄金圈,电影
11744,正义联盟,电影
11745,加勒比海盗5：死无对证,电影
11746,水形物语,电影
11747,神奇女侠,电影
11748,变形金刚5：最后的骑士,电影
11749,湮灭,电影
11750,勇敢者游戏：决战丛林,电影
11751,星球大战8：最后的绝地武士,电影
11752,星际特工：千星之城,电影
11753,我，花样女王,电影
11754,每分钟120击,电影
11755,移动迷宫3：死亡解药,电影
11756,的士速递5,电影
11757,五十度飞,电影
11758,罪人,电影
11759,方形,电影
11760,塔利,电影
11761,茉莉牌局,电影
11762,超大号美人,电影
11763,不留痕迹,电影
11764,猎杀星期一,电影
11765,马斯顿教授与神奇女侠,电影
11766,摩天轮,电影
11767,狂野生活,电影
11768,凭空而来,电影
11769,美国动物,电影
11770,一呼一吸,电影
11771,12勇士,电影
11772,一日情人,电影
11773,贼巢,电影
11774,牡丹花下,电影
11775,双面情人,电影
11776,抱歉打扰,电影
11777,无敌原始人,电影
11778,一锤定音,电影
11779,绝命时钟2:22,电影
11780,贤妻,电影
11781,战犬瑞克斯,电影
11782,超能泰坦,电影
11783,八年级,电影
11784,缩小人生,电影
11785,第十二个人,电影
11786,无爱可诉,电影
11787,快乐王子,电影
11788,神偷联盟,电影
11789,深海越狱,电影
11790,赛马皮特,电影
11791,我的冠军男友,电影
11792,海滩游侠,电影
11793,童年的许诺,电影
11794,神奇马戏团之动物饼干,电影
11795,24小时：末路重生,电影
11796,亲吻亭,电影
11797,真爱百分百,电影
11798,玻璃城堡,电影
11799,德黑兰禁忌,电影
11800,儿童法案,电影
11801,盲点,电影
11802,这个男人来自地球：全新纪,电影
11803,匿名者,电影
11804,圣诞奇妙公司,电影
11805,表情奇幻冒险,电影
11806,第一归正会,电影
11807,黑暗塔,电影
11808,骑士,电影
11809,完美音调3,电影
11810,无名战士,电影
11811,好时光,电影
11812,幼儿园教师,电影
11813,好朋友,电影
11814,过境,电影
11815,错误教育,电影
11816,性别之战,电影
11817,最后一球,电影
11818,违命,电影
11819,派对搭讪秘诀,电影
11820,根西岛文学与土豆皮馅饼俱乐部,电影
11821,权力的游戏：征服与反抗,电影
11822,快乐结局,电影
11823,复仇战姬,电影
11824,仓皇一夜,电影
11825,光灵,电影
11826,生死之墙,电影
11827,私人生活,电影
11828,时间陷阱,电影
11829,再见，克里斯托弗·罗宾,电影
11830,你好布拉德,电影
11831,男人要自爱,电影
11832,重金属囧途,电影
11833,底特律,电影
11834,在切瑟尔海滩上,电影
11835,花滑女王,电影
11836,书店,电影
11837,自杀小队：严厉惩罚,电影
11838,虎胆追凶,电影
11839,柯莱特,电影
11840,飓风奇劫,电影
11841,信笺故事,电影
11842,下海,电影
11843,美国行动,电影
11844,亚瑟王：斗兽争霸,电影
11845,灾难艺术家,电影
11846,沉默的教室,电影
11847,天上再见,电影
11848,通勤营救,电影
11849,冒牌上尉,电影
11850,全球风暴,电影
11851,狂暴巨兽,电影
11852,新木乃伊,电影
11853,环太平洋：雷霆再起,电影
11854,伯德小姐,电影
11855,古墓丽影：源起之战,电影
11856,雷神3：诸神黄昏,电影
11857,太空救援,电影
11858,印度合伙人,电影
11859,家族之苦3,电影
11860,哥哥太爱我了怎么办,电影
11861,无巧不成婚,电影
11862,护航父母,电影
11863,乐高幻影忍者大电影,电影
11864,老爸当家2,电影
11865,汪星卧底,电影
11866,坏妈妈的圣诞节,电影
11867,篮球冠军,电影
11868,嗨翻姐妹行,电影
11869,杀死冈瑟,电影
11870,办公室僵尸起义,电影
11871,战争机器,电影
11872,拯救圣诞记,电影
11873,读书会,电影
11874,勒索,电影
11875,最萌警探,电影
11876,小偷演员,电影
11877,追随你脚步,电影
11878,不干了，我开除了黑心公司,电影
11879,外国佬,电影
11880,裸婚大喜,电影
11881,迈耶罗维茨的故事,电影
11882,中转停留,电影
11883,大叔花样游泳队,电影
11884,趴体生活,电影
11885,我的爸爸是森林之王,电影
11886,牵线,电影
11887,淘气大侦探,电影
11888,嫁我吧，哥们,电影
11889,除蚤武士,电影
11890,落水姻缘,电影
11891,夫人,电影
11892,夜校,电影
11893,嗝嗝老师,电影
11894,厕所英雄,电影
11895,起跑线,电影
11896,齐木楠雄的灾难 真人版,电影
11897,假面骑士平成世代 FINAL Build & EX-AID with 传说骑士,电影
11898,哥斯拉：噬星者,电影
11899,哥斯拉：决战之都,电影
11900,天际浩劫2,电影
11901,散步的侵略者,电影
11902,灭绝,电影
11903,死亡半径,电影
11904,穿越,电影
11905,乐高DC超级英雄：闪电侠,电影
11906,星河战队：火星叛国者,电影
11907,机动战士高达THE ORIGIN VI 赤色彗星诞生,电影
11908,同族,电影
11909,机动战士高达THE ORIGIN V 激战 鲁姆战役篇,电影
11910,木星之卫,电影
11911,无限密室,电影
11912,乔纳森,电影
11913,收割伊丽莎白,电影
11914,外星人狙击战,电影
11915,铁甲战神,电影
11916,少女地球守护者,电影
11917,2036来历不明,电影
11918,人类办事处,电影
11919,致命勘探,电影
11920,此刻只有你共我,电影
11921,迫日营救,电影
11922,假面骑士亚马逊们剧场版 最后的审判,电影
11923,魔神Z,电影
11924,第一缕曙光,电影
11925,蝙蝠侠：煤气灯下的哥谭,电影
11926,预兆,电影
11927,数码宝贝大冒险tri. 第6章：我们的未来,电影
11928,魔法科高校的劣等生 呼唤星辰的少女,电影
11929,数码宝贝大冒险tri. 第5章：共生,电影
11930,救世超能：永无止境,电影
11931,超能奇才,电影
11932,异形魔怪：极寒之日,电影
11933,捷德奥特曼 剧场版：连接吧！心愿！！,电影
11934,佐伊,电影
11935,美丽之星,电影
11936,黑暗心灵,电影
11937,机器猛犬,电影
11938,华氏451,电影
11939,冰肤传说,电影
11940,哥斯拉：怪兽行星,电影
11941,犬屋敷 真人版,电影
11942,智慧囚屋,电影
11943,呼吸,电影
11944,平行世界之门,电影
11945,末日重启,电影
11946,灵异空间,电影
11947,BLAME!,电影
11948,遇见女孩的感觉,电影
11949,当哈利遇到莎迦,电影
11950,老师！我可以喜欢你吗？,电影
11951,今夜在浪漫剧场,电影
11952,狂热郁金香,电影
11953,远山恋人,电影
11954,中二病也要谈恋爱！剧场版 -Take On Me-,电影
11955,淹没,电影
11956,爱，不由自主,电影
11957,重返初遇之夜,电影
11958,影星永驻利物浦,电影
11959,娼年,电影
11960,夜晚的灵魂,电影
11961,心灵暖阳,电影
11962,印度艳后,电影
11963,永远是我的女孩,电影
11964,终点的婚礼,电影
11965,敬畏,电影
11966,睡美人之终,电影
11967,宇宙有爱浪漫同游,电影
11968,恋爱禁止的世界,电影
11969,玛丽·雪莱,电影
11970,向阳之处必有声,电影
11971,蜜桃女孩,电影
11972,芦苇荡的时光,电影
11973,虚无的焦点,电影
11974,光阴鬼幻,电影
11975,时空偷渡少女,电影
11976,伊藤君A到E,电影
11977,风之颜色,电影
11978,雪耻女孩,电影
11979,有言在仙,电影
11980,倾城十月,电影
11981,另一个时间,电影
11982,想成为奥田民生的男孩和让男人痴狂的女孩,电影
11983,亲爱的，我要和别人结婚了,电影
11984,以青春的名义,电影
11985,艾娃,电影
11986,亲爱的,电影
11987,再见时光,电影
11988,汉普斯特德公园,电影
11989,虽然妈妈说我不可以嫁去日本,电影
11990,激情伴侣,电影
11991,订制男友,电影
11992,无聊现代生活,电影
11993,完美家庭,电影
11994,心之界限,电影
11995,小美人鱼,电影
11996,夏末秋至,电影
11997,把外婆放进冰箱,电影
11998,不知花开否,电影
11999,接吻的饺子,电影
12000,西伯利亚,电影
12001,半个女友,电影
12002,替身,电影
12003,一吻定情电影版3：求婚篇,电影
12004,圣诞王子,电影
12005,宿命，吾爱：第一部,电影
12006,恋爱的我是女主角吗？,电影
12007,塞尔拉·伯格斯是废柴,电影
12008,橘子酱男孩,电影
12009,绝对恋爱命令,电影
12010,伊斯梅尔的幽魂,电影
12011,一切的一切,电影
12012,假如王子睡着了,电影
12013,爱砸了,电影
12014,货架之间,电影
12015,赤裸朱丽叶,电影
12016,我们,电影
12017,公主大对换,电影
12018,午夜阳光,电影
12019,想要传达你的声音,电影
12020,小意大利,电影
12021,每一天,电影
12022,妮娜,电影
12023,虽说是未成年，但可不是小孩哟,电影
12024,跨越8年的新娘,电影
12025,最终幻想女孩,电影
12026,昼颜,电影
12027,动物之家婚礼记,电影
12028,烟花,电影
12029,纯平，再想想,电影
12030,啊，荒野 前篇,电影
12031,宣告黎明的露之歌,电影
12032,有熊谷守一在的地方,电影
12033,玛丽与魔女之花,电影
12034,游戏人生ZERO,电影
12035,忍者蝙蝠侠,电影
12036,啊，荒野 后篇,电影
12037,极恶非道3,电影
12038,钢之炼金术师,电影
12039,最后的食谱 麒麟之舌的记忆,电影
12040,忍之国,电影
12041,文豪野犬 Dead Apple,电影
12042,火花,电影
12043,精灵宝可梦：大家的故事,电影
12044,进击的巨人剧场版：觉醒的咆哮,电影
12045,冰淇淋与雨声,电影
12046,羊与钢的森林,电影
12047,坂道上的阿波罗,电影
12048,代号基亚斯：反叛的鲁路修2之叛道,电影
12049,最差劲,电影
12050,今天开始世界属于你,电影
12051,三角草的春天,电影
12052,花筐,电影
12053,四月的长久梦,电影
12054,少女邂逅,电影
12055,猫是要抱着的,电影
12056,双生薄荷,电影
12057,窈窕淑女前篇：红绪，花样的17岁,电影
12058,第69届NHK红白歌会,电影
12059,河畔,电影
12060,七大罪：天空的囚人,电影
12061,面包，巴士和第二次初恋,电影
12062,提高音量！我根本听不懂你在唱什么！！,电影
12063,爸爸的便当世界第一,电影
12064,光,电影
12065,热血街区电影版3：终极任务,电影
12066,热血街区电影版2：天空尽头,电影
12067,假面骑士Build：只有一个答案,电影
12068,光,电影
12069,薙刀社青春日记,电影
12070,创作英雄的男人 石之森章太郎,电影
12071,虹色时光,电影
12072,大诱拐2018,电影
12073,她的人生没有错,电影
12074,食女,电影
12075,洗屋,电影
12076,海边的李尔,电影
12077,天才麻将少女：阿知贺篇 电影版,电影
12078,人狼游戏：疯狂大陆,电影
12079,恶与假面的规则,电影
12080,覆面系,电影
12081,武曲,电影
12082,诗歌天使,电影
12083,泡吧侦探3,电影
12084,拳击场故事,电影
12085,山田孝之3D,电影
12086,樱桃男孩,电影
12087,笑傲昙天,电影
12088,牙狼剧场版 - 神之牙,电影
12089,野良猫,电影
12090,乱世花道,电影
12091,心灵想要大声呼喊,电影
12092,破门而入,电影
12093,东京吸血鬼酒店 (电影版),电影
12094,最后的踢踏舞,电影
12095,北之樱守,电影
12096,人狼游戏：地狱,电影
12097,海边的生与死,电影
12098,魔法少女伊莉雅：雪下的誓言,电影
12099,谎话连篇,电影
12100,南瓜与蛋黄酱,电影
12101,诱拐法庭～七天～,电影
12102,幻想游戏,电影
12103,好想吃拉面！,电影
12104,鸟女,电影
12105,噢，露西！,电影
12106,增速驱动,电影
12107,听说爷爷去世了,电影
12108,富美子之足,电影
12109,美好的危险丑闻,电影
12110,烧肉龙,电影
12111,犬猿,电影
12112,午夜巴士,电影
12113,友罪,电影
12114,JOJO的奇妙冒险：不灭钻石 第一章,电影
12115,关原之战,电影
12116,羊之树,电影
12117,亚人 真人版,电影
12118,灵能百分百 REIGEN,电影
12119,精灵宝可梦：就决定是你了,电影
12120,花牌情缘：结,电影
12121,命运之夜——天之杯：恶兆之花,电影
12122,利兹与青鸟,电影
12123,哆啦A梦：大雄的金银岛,电影
12124,逆光之时,电影
12125,意外杀手,电影
12126,暹罗决：九神战甲,电影
12127,盗潜黄金城,电影
12128,阿尔忒弥斯酒店,电影
12129,塞西亚：复仇之剑,电影
12130,所有邪佞之人,电影
12131,黄飞鸿之怒海雄风,电影
12132,雪光之灾,电影
12133,猛虎还活着,电影
12134,代码211,电影
12135,六天,电影
12136,为爱叛逆2之逆战到底,电影
12137,九门提督,电影
12138,勒索风云,电影
12139,侠探西蒙,电影
12140,天下第一镖局,电影
12141,绅士特工,电影
12142,刺杀风云,电影
12143,蝙蝠侠与哈莉·奎恩,电影
12144,骄傲的玛丽,电影
12145,亡命夜驰,电影
12146,超越边缘,电影
12147,女黑手党,电影
12148,超级苍蝇,电影
12149,重装上阵,电影
12150,蝎子王5:灵魂之书,电影
12151,反恐特警组：潜龙突围,电影
12152,达克,电影
12153,保镖,电影
12154,硬核风暴,电影
12155,暴力行为,电影
12156,复仇行动,电影
12157,杀手的祷告,电影
12158,怒战狂心,电影
12159,首杀,电影
12160,搏击之王：反击,电影
12161,超速驾驶,电影
12162,加尔维斯顿,电影
12163,死亡飞车4：混乱之上,电影
12164,最后得分,电影
12165,美国刺客,电影
