电影,导演,编剧,主演,类型,官方网站,制片国家/地区,语言,上映日期,片长,又名,IMDb链接
烟花,新房昭之/武内宣之,大根仁/岩井俊二,广濑铃/菅田将晖/宫野真守/松隆子/花泽香菜/浅沼晋太郎/丰永利行/梶裕贵/三木真一郎/樱井孝宏/根谷美智子/飞田展男/宫本充/立木文彦/斋藤千和/岛村侑/新垣樽助/种崎敦美/井之上润/小原好美/广田悠美/内田修一,剧情/动画,www.uchiagehanabi.jp,日本,日语,2017-12-01(中国大陆)/2017-08-18(日本),90分钟,"烟花动画版/烟花，应该和谁看(港)/升空的焰火，从下面看？还是从侧面看？/Fireworks,ShouldWeSeeItfromtheSideortheBottom?/Uchiagehanabi,shitakaramiruka?Yokokaramiruka?",tt6317962
龙珠超：布罗利,长峰达也,鸟山明,野泽雅子/堀川亮/中尾隆圣/岛田敏/古川登志夫/久川绫/山寺宏一/森田成一/水树奈奈/杉田智和/宝龟克寿,动画,www.dbmovie-20th.com,日本,日语,2019(中国大陆)/2018-12-14(日本),100分钟,龙珠超剧场版：布洛尼(港)/DragonBallSuper:Broly/DragonBallSuper:TheMovie-Broly,tt7961060
深红累之渊,佐藤祐市,黑岩勉/松浦だるま,土屋太凤/芳根京子/横山裕/筒井真理子/生田智子/村井国夫/檀丽/浅野忠信,悬疑,kasane-movie.jp,日本,日语,2018-09-07(日本),112分钟,,tt7058612
我的英雄学院：两位英雄,长崎健司,黑田洋介,山下大辉/三宅健太/志田未来/生濑胜久/冈本信彦/佐仓绫音/石川界人/梶裕贵/增田俊树/广桥凉/畠中祐/井上麻里奈/真堂圭/古岛清孝/奈良彻/西田雅一/细谷佳正/喜多村英梨/悠木碧/名塚佳织/小山力也/小形满/木村良平/大悟/饭田利信/佐藤健辅/富樫美铃/福西胜也/小林爱,动作/动画,heroaca-movie.com,日本,日语,2019-03-15(中国大陆)/2018-08-03(日本),96分钟,我的英雄学院剧场版：2人的英雄/BokunoHeroAcademiatheMovie/MyHeroAcademia:TheMovie/MyHeroAcademia:TwoHeroes,tt7745068
夜以继日,滨口龙介,田中幸子/滨口龙介/柴崎友香,东出昌大/唐田英里佳/濑户康史/山下莉绪/伊藤沙莉/渡边大知/仲本工事/田中美佐子,剧情/爱情,netemosametemo.jp,日本/法国,日语,2018-05-14(戛纳电影节)/2018-09-01(日本),119分钟,睡了也好，醒来也好(港)/睡着吻别，醒来抱拥(港)/睡着也好醒来也罢(台)/睡着吻别醒来抱拥/不论睡着或醒着/Netemosametemo/AsakoI&II,tt7112154
恋爱回旋,石川淳一,古泽良太,新垣结衣/瑛太/广末凉子/苍井优/濑户康史/永野芽郁/山口纱弥加/佐野勇斗/远藤宪一/森崎博之/吉田钢太郎/久间田琳加/生濑胜久/铃木福/谷花音/真木阳子/小日向文世/中村安奈/水谷隼/石川佳纯/伊藤美诚/木造勇人/吉村真晴/浜本由惟,喜剧/运动,mix-movie.jp,日本,日语,2018-03-09(中国大陆)/2017-10-21(日本),119分钟,混合双打/乒乓情人梦(港)/乒乓少女大逆袭(台)/混双/Mix!/MixedDoubles,tt6523440
昼颜,西谷弘,井上由美子,上户彩/斋藤工/伊藤步/平山浩行/黑泽明日香/萩原实里/志贺广太郎/三浦诚己/涩川清彦/松居大悟/中村育二,剧情/爱情,hirugao.jp,日本,日语,2018-05-18(中国大陆)/2017-06-10(日本),125分钟,昼颜电影版/Hirugao/Hirugao:LoveAffairsintheAfternoon,tt6106802
银魂2,福田雄一,福田雄一,小栗旬/菅田将晖/桥本环奈/柳乐优弥/吉泽亮/三浦春马/洼田正孝/室毅/长泽雅美/冈田将生/木村绿子/佐藤二朗/中村勘九郎/堂本刚/堤真一/胜地凉/夏菜/户塚纯贵/立木文彦,喜剧/动作/冒险,wwws.warnerbros.co.jp/gintama-film/,日本,日语,2018-08-17(日本),135分钟,银魂2：规则是用来打破的/规定就是为了被打破而存在的/Gintama2,tt7639528
银魂,福田雄一,福田雄一/空知英秋,小栗旬/菅田将晖/桥本环奈/柳乐优弥/新井浩文/吉泽亮/早见明里/室毅/长泽雅美/冈田将生/佐藤二朗/菜菜绪/安田显/中村勘九郎/堂本刚/山田孝之,喜剧/动作/奇幻/冒险,wwws.warnerbros.co.jp/gintama-film/,日本,日语,2017-09-01(中国大陆)/2017-07-14(日本),130分钟,银魂真人版/Gintama,tt5805470
我想吃掉你的胰脏,牛岛新一郎,牛岛新一郎,高杉真宙/Lynn/藤井雪代/内田雄马/福岛润/田中敦子/三木真一郎,爱情/动画,kimisui-anime.com,日本,日语,2019-01-18(中国大陆)/2018-09-01(日本),108分钟,我想吃掉你的胰脏动画版/IWanttoEatYourPancreas/LetMeEatYourPancreas,tt7236034
夏目友人帐,大森贵弘/伊藤秀树,绿川幸/村井贞之,神谷浩史/井上和彦/高良健吾/小林沙苗/泽城美雪/石田彰/藤村步/村濑步/伊藤美纪/伊藤荣次/堀江一真/佐藤利奈/木村良平/菅沼久义/雪野五月/川澄绫子/樋口晓里/冈村明美/黑田崇矢/长岛雄一/松山鹰志/下崎纮史/知桐京子/岛本须美,剧情/动画/奇幻,natsume-movie.com,日本,日语,2019-03-07(中国大陆)/2018-09-29(日本),104分钟,夏目友人帐：结缘空蝉/剧场版夏目友人帐～缘结空蝉～/夏目友人帐剧场版/夏目友人帐电影版/Natsume'sBookofFriendsTheMovie:TiedtotheTemporalWorld,tt9081300
名侦探柯南：零的执行人,立川让,樱井武晴/青山刚昌,高山南/山口胜平/山崎和佳奈/小山力也/绪方贤一/林原惠美/古谷彻/置鲇龙太郎,动画/悬疑,www.conan-movie.jp,日本,日语,2018-11-09(中国大陆)/2018-04-13(日本),110分钟,名侦探柯南：零之执行人/名侦探柯南2018/DetectiveConan:ZerotheEnforcer/MeitanteiConan:ZeronoShikkônin/名侦探柯南剧场版2018,tt7880466
浪矢解忧杂货店,广木隆一,齐藤浩史/东野圭吾,山田凉介/村上虹郎/宽一郎/成海璃子/门胁麦/林遣都/铃木梨央/山下莉绪/手塚通/中村治雄/萩原圣人/小林薰/吉行和子/尾野真千子/西田敏行,剧情/奇幻,namiya-movie.jp,日本,日语,2018-02-02(中国大陆)/2017-09-23(日本),129分钟,解忧杂货店/MiraclesoftheNamiyaGeneralStore,tt6298600
镰仓物语,山崎贵,山崎贵,堺雅人/高畑充希/堤真一/安藤樱/田中泯/中村玉绪/市川实日子/室毅/要润/大仓孝二/神户浩/国村隼/古田新太/鹤田真由/药师丸博子/吉行和子/桥爪功/三浦友和,剧情/奇幻,kamakura-movie.jp,日本,日语,2018-09-14(中国大陆)/2017-12-09(日本),129分钟/119分钟(中国大陆),Destiny:KamakuraMonogatari/Destiny:TheTaleofKamakura,tt6493648
摄影机不要停！,上田慎一郎,上田慎一郎,滨津隆之/真鱼/主浜晴美/秋山柚稀/长屋和彰/细井学/市原洋/山崎俊太郎/大泽真一郎/竹原芳子/吉田美纪/合田纯奈/浅森咲希奈/山口友和/藤村拓矢/岩合智史/高桥恭子,喜剧/恐怖,kametome.net,日本,日语,2017-11-04(东京首映)/2018-06-23(日本),96分钟,尸杀片场(港)/一尸到底(台)/OneCutoftheDead/Kameraotomeruna!,tt7914416
纯平，再想想,森冈利行,奥田英朗,野村周平/柳百合菜/毎熊克哉/冈山天音/佐野岳/户塚纯贵/佐藤祐基/藤原季节/森田凉花/木下爱华/やしろ優/片冈礼子,,www.junpei-movie.com,日本,日语,2018-09-22(日本),95分钟,"ThinkAgain,Junpei",tt8554256
啊，荒野 前篇,岸善幸,港岳彦/岸善幸/寺山修司,菅田将晖/梁益准/木下明里/茂吕师冈/高桥和也/今野杏南/山田裕贵/河井青叶/前原滉/萩原利久/小林且弥/川口觉/山中崇/绪方义博/木村多江/中山裕介/山本浩司/铃木卓尔,剧情,www.kouya-film.jp,日本,日语,2017-10-07(日本),157分钟,"Ah,Wilderness",tt5905008
企鹅公路,石田祐康,上田诚/森见登美彦,北香那/苍井优/钉宫理惠/潘惠美/福井美树/能登麻美子/久野美咲/西岛秀俊/竹中直人,动画,penguin-highway.com,日本,日语,2019-05-17(中国大陆)/2018-08-17(日本),117分钟,企鹅梦幻街(港)/企鹅高速公路/PenguinHighway,tt8076344
宣告黎明的露之歌,汤浅政明,吉田玲子/汤浅政明,谷花音/下田翔大/寿美菜子/齐藤壮马/筱原信一/铃村健一/伊藤静/菅生隆之/长岛雄一/青山穰/佐佐木睦/堀井真吾/志村知幸/水野龙司/关贵昭/各务立基/宫崎敦吉/新谷真弓/大悟/滨添伸也/堀井茶渡/尾畑美依奈/伊泽磨纪/户田惠/小堀幸/川岛得爱/柄本明,剧情/动画/奇幻,lunouta.com,日本,日语,2017-05-19(日本),112分钟,宣告黎明的人鱼之歌(港)/告知天亮之路/YoakeTsugeruLunoUta/LuOvertheWall,tt6452332
恋如雨止,永井聪,眉月润/坂口理子,小松菜奈/大泉洋/清野菜名/矶村勇斗/叶山奖之/松本穗香/山本舞香/滨田麻里/户次重幸/吉田羊,剧情/爱情,koiame-movie.com,日本,日语,2018-05-25(日本),112分钟,爱在雨过天晴时(台)/Aftertherain,tt7637350
去年冬天与你分手,泷本智行,大石哲也,岩田刚典/山本美月/斋藤工/浅见伶奈/北村一辉/土村芳,剧情/悬疑/犯罪,wwws.warnerbros.co.jp/fuyu-kimi/,日本,日语,2018-03-10(日本),119分钟,"去年冬天，与你分别/去年冬天，与君离别/LastWinter,WeParted",tt7210252
老师！我可以喜欢你吗？,三木孝浩,河原和音/冈田麿里,生田斗真/广濑铃/龙星凉/森川葵/伊藤健太郎/中村伦也/比嘉爱未/八木亚希子/森本治行,剧情/爱情,wwws.warnerbros.co.jp/sensei/,日本,日语,2017-10-28(日本),113分钟,老师！、、、我可以喜欢你吗？(港)/先生！我可以喜欢你吗(台),tt6190198
第三度嫌疑人,是枝裕和,是枝裕和,福山雅治/役所广司/广濑铃/满岛真之介/市川实日子/松冈依都美/桥爪功/齐藤由贵/吉田钢太郎/莳田彩珠,剧情/悬疑/犯罪,gaga.ne.jp/sandome/,日本,日语,2018-03-30(中国大陆)/2017-09-05(威尼斯电影节)/2017-09-09(日本),124分钟/125分钟(中国大陆),第三度杀人(港)/第三次杀人(台)/Sandomenosatsujin/TheThirdMurder,tt6410564
检察方的罪人,原田真人,原田真人/雫井脩介,木村拓哉/二宫和也/吉高由里子/松重丰/大仓孝二/平岳大/八岛智人/矢岛健一/音尾琢真/木村绿子/芦名星/山崎纮菜/山崎努,剧情/悬疑/犯罪,kensatsugawa-movie.jp,日本,日语,2018-08-24(日本),123分钟,检察狂人(港)/检方的罪人(台)/检察的罪人/KillingFortheProsecution,tt6857956
有熊谷守一在的地方,冲田修一,冲田修一,山崎努/树木希林/加濑亮/吉村界人/光石研/青木崇高/吹越满,剧情,,日本,日语,2018-04-10(北京电影节)/2018-05-19(日本),99分钟,"綠野仙師:熊谷守一(港)/仙人画家：熊谷守一(台)/Mori,TheArtist'sHabitat",tt7408776
哥哥太爱我了怎么办,河合勇人,松田裕子/夜神里奈,土屋太凤/片寄凉太/千叶雄大/草川拓弥/杉野遥亮/大野丝/江原由希子/神尾枫珠/森高爱/川津明日香/越智尤拉诺/近江谷太朗/井上裕介,剧情/喜剧,anikoma-movie.jp,日本,日语,2017-06-30(日本),99分钟,,tt6075764
玛丽与魔女之花,米林宏昌,坂口理子/米林宏昌/玛丽·斯图尔特,杉咲花/神木隆之介/天海祐希/小日向文世/满岛光/佐藤二朗/远藤宪一/渡边绘里/大竹忍,动画/奇幻/冒险,maryflower.jp,日本,日语,2018-04-28(中国大陆)/2017-07-08(日本),102分钟/103分钟(中国大陆),玛莉与魔女之花(港)/梅莉和魔女的花/梅莉与魔女之花/梅亚丽与魔女之华/MaryandTheWitch'sFlower,tt6336356
阳光姐妹淘,大根仁,大根仁,筱原凉子/广濑铃/板谷由夏/小池荣子/友坂理惠/渡边直美/池田依来沙/山本舞香/野田美桜/田边桃子/富田望生/三浦春马/中川雅也/新井浩文/矢本悠马,剧情/喜剧/歌舞,sunny-movie.jp,日本,日语,2018-08-31(日本),119分钟,SUNNY我們的青春(台)/Sunny:OurHeartsBeatTogether,tt7493818
念念手纪,月川翔,吉田智子/住野夜,滨边美波/北村匠海/北川景子/小栗旬/大友花恋/矢本悠马/樱田通/森下大地/上地雄辅/长野里美/中田圭祐,剧情/爱情,kimisui.jp,日本,日语,2018-09-14(中国大陆)/2017-07-28(日本),116分钟,我想吃掉你的胰脏/我想吃了你的胰脏/十二年后的约定/胰脏物语/LetMeEatYourPancreas,tt6078840
22年后的自白,入江悠,入江悠/平田研也/郑秉吉,藤原龙也/伊藤英明/夏帆/野村周平/石桥杏奈/龙星凉/早乙女太一/平田满/岩松了/岩城滉一/仲村亨,剧情/悬疑/犯罪,wwws.warnerbros.co.jp/22-kokuhaku/,日本,日语,2019-01-11(中国大陆)/2017-06-10(日本),118分钟/110分钟(中国大陆),22年后的自白：我是杀人犯/第22年的告白：我是杀人犯(台)/ConfessionofMurder/MemoirsofaMurderer,tt5882982
东京食尸鬼 真人版,萩原健太郎,楠野一郎/石田翠,洼田正孝/清水富美加/铃木伸之/苍井优/大泉洋/佐佐木希/村井国夫/浜野谦太/柳俊太郎/樱田日和/相田翔子,剧情/恐怖/奇幻,tokyoghoul.jp,日本,日语,2017-07-16(富川奇幻电影节)/2017-07-29(日本),120分钟,东京喰种真人版/TokyoGhoul,tt5815944
游戏人生ZERO,石塚敦子,花田十輝,松冈祯丞/茅野爱衣/日笠阳子/田村由加莉/能登麻美子/井口裕香/泽城美雪/大川透/兴津和幸/Lynn/诹访部顺一/堀江由衣/森奈奈子/竹内良太/大地叶/石上静香/滨野大辉/手冢弘道/钉宫理惠,动画/奇幻,http://ngnl.jp/,日本,日语,2017-07-15(日本),106分钟,"ノーゲーム・ノーライフ劇場版/NoGame,NoLifetheMovie:Zero",tt5914996
每天回家都会看到老婆在装死,李斗士男,坪田文,荣仓奈奈/安田显/大谷亮平/野野澄花/浅野和之/品川彻/萤雪次朗,喜剧,,日本,日语,2018-06-08(日本),115分钟,"每天回家老婆都在装死(台)/回家时妻子一定在装死/我老婆日日都扮死(港)/WhenIGetHome,MyWifeAlwaysPretendstobeDead",tt6939372
生化危机：复仇,辻本贵则,深见真/乔·麦克林,艾琳·卡希尔/达林·德·保罗/布莱恩·T·德莱尼/约翰·德米塔/凯文·多曼/杰森·范特/阿里夫·S·金成/玛丽·伊丽莎白·麦格林/马修·默瑟/托尼·奥立佛/阿尼·潘托哈/亚历山大·博林斯基/凯伦·斯特拉斯曼,动作/动画/恐怖/冒险,biohazard-vendetta.com,日本,英语/日语,2017-05-27(日本),97分钟,生化危机：血仇杀戮(港)/恶灵古堡：血仇(台)/ResidentEvil:Vendetta/BiohazardVendetta,tt5776208
跨越8年的新娘,濑濑敬久,冈田惠和,佐藤健/土屋太凤/北村一辉/浜野谦太/中村友理/堀部圭亮/古馆宽治/杉本哲太/药师丸博子,剧情/爱情,8nengoshi.jp,日本,日语,2018-10-19(中国大陆)/2017-12-16(日本),119分钟,跨越八年的新娘,tt6313348
邻座的怪同学,月川翔,金子亚里纱,菅田将晖/土屋太凤/古川雄辉/山田裕贵/池田依来沙/滨边美波/佐野岳/佐野史郎/速水直道,剧情/喜剧/爱情,tona-kai.jp,日本,日语,2018-04-27(日本),105分钟,MyLittleMonster/Tonarinokaibutsukun,tt6893370
忍者蝙蝠侠,水崎淳平,中岛一树/艾瑞克·加西亚/莱奥·褚,山寺宏一/高木涉/加隈亚衣/钉宫理惠/田中敦子/小野大辅/大塚芳忠/子安武人/诹访部顺一/梶裕贵/石田彰/河西健吾/长岛雄一/森川智之/三宅健太/长妻树里/罗杰·克莱格·史密斯/托尼·海尔/格蕾·德丽斯勒/塔拉·斯特朗/亚当·克罗斯代尔/弗雷德·塔特西奥/尤里·洛文塔尔/威尔·弗里德尔/汤姆·肯尼/艾瑞克·鲍扎/马修·杨·金,动作/动画,wwws.warnerbros.co.jp/batman-ninja/,日本/美国,日语/英语,2018-04-24(美国)/2018-06-15(日本),85分钟,ニンジャバットマン,tt7451284
啊，荒野 后篇,岸善幸,港岳彦/岸善幸/寺山修司,菅田将晖/梁益准/木下明里/茂吕师冈/高桥和也/今野杏南/山田裕贵/河井青叶/前原滉/萩原利久/小林且弥/川口觉/山中崇/绪方义博/木村多江/中山裕介/山本浩司/铃木卓尔,剧情,www.kouya-film.jp/,日本,日语,2017-10-21(日本),147分钟,"Ah,Wilderness:PartTwo",tt6835806
祈祷落幕时,福泽克雄,李正美/东野圭吾,阿部宽/松岛菜菜子/沟端淳平/田中丽奈/木村绿子/乌丸节子/春风亭升太/音尾琢真/饭丰万理江/上杉祥三/中岛博子/樱田日和/及川光博/伊藤兰/小日向文世/山崎努/香川照之/杏,剧情/悬疑,inorinomaku-movie.jp,日本,日语,2019-04-12(中国大陆)/2018-01-27(日本),119分钟,当祈祷落幕时(港)/新参者完结篇：当祈祷落幕时(台)/新参者剧场版：祈祷落幕时/InorinoMakugaOriruToki/TheCrimesThatBind,tt7080138
续·终物语,新房昭之,新房昭之/西尾维新/东富耶子,神谷浩史/斋藤千和/加藤英美里/泽城美雪/花泽香菜/堀江由衣/喜多村英梨/井口裕香/早见沙织/井上麻里奈/坂本真绫/水桥香织/根谷美智子,动画,,日本,日语,2018-11-10(日本),148分钟,,tt9266104
最终幻想女孩,大九明子,大九明子/绵矢莉莎,松冈茉优/渡边大知/石桥杏奈/北村匠海/古馆宽治/片桐入,爱情,furuetero-movie.com,日本,日语,2017-10-30(东京电影节)/2017-12-23(日本),117分钟,被爱妄想症(台)/不想恋爱/请你肆意颤抖/TrembleAllYouWant,tt6782708
极恶非道3,北野武,北野武,北野武/西田敏行/大森南朋/泷正则/松重丰/大杉涟/盐见三省/白龙/名高达男/光石研/原田泰造/池内博之/津田宽治/金田时男/中村育二/岸部一德,动作/犯罪,outrage-movie.jp,日本,日语/韩语/英语,2017-09-09(威尼斯电影节)/2017-10-07(日本),104分钟,极恶非道3：最终章/极恶非道最终章(台)/全员恶人最终章(港)/アウトレイジ3/Outrage:FinalChapter,tt6293042
咖啡未冷前,冢原亚由子,奥寺佐渡子,有村架纯/伊藤健太郎/波瑠/林遣都/深水元基/松本若菜/药师丸博子/吉田羊/松重丰/石田百合子,剧情/爱情/奇幻,coffee-movie.jp,日本,日语,2018-09-21(日本),116分钟,在咖啡冷掉之前(台),tt8315128
牵牛花与加濑同学,佐藤卓哉,高岛博美,高桥未奈美/佐仓绫音/木户衣吹,动画,asagao-anime.com,日本,日语,2018-06-09(日本),58分钟,,tt7197430
娼年,三浦大辅,三浦大辅/石田衣良,松坂桃李/真飞圣/富手麻妙/猪塚健太/樱井由纪/小柳友/马渕英俚可/荻野友里/佐佐木心音/大谷麻衣/阶户瑠李/西冈德马/江波杏子,爱情/情色,shonen-movie.com,日本,日语,2018-04-06(日本),119分钟,CallBoy,tt7529650
哥斯拉：噬星者,静野孔文/濑下宽之,虚渊玄,宫野真守/樱井孝宏/花泽香菜/杉田智和/梶裕贵/诹访部顺一/三宅健太/堀内贤雄/中井和哉/山路和弘/早见沙织/上田丽奈/小泽亚李/铃村健一,动作/科幻/动画,godzilla-anime.com,日本,日语,2018-11-03(东京电影节)/2018-11-09(日本),90分钟,哥斯拉：喰星者/哥斯拉：行星吞噬者/GODZILLA第三章/Godzilla:ThePlanetEater/Godzilla:EaterofStars,tt8478602
爱上谎言的女人,中江和仁,中江和仁/近藤希実,长泽雅美/高桥一生/内藤大湖/川荣李奈/黑木瞳/吉田钢太郎,剧情/悬疑,usoai.jp,日本,日语,2018-01-20(日本),118分钟,喜欢谎言的女人/爱说谎的女人/UsowoAisuruOnna/WomanWhoLovesLie/TheLiesSheLoved,tt6733368
钢之炼金术师,曾利文彦,曾利文彦/宮本武史/荒川弘,山田凉介/本田翼/藤冈靛/佐藤隆太/大泉洋/松雪泰子/本乡奏多/莲佛美沙子/内山信二/石丸谦二郎/小日向文世/国村隼/夏菜,动作,wwws.warnerbros.co.jp/hagarenmovie/,日本,日语,2017-10-25(东京电影节)/2017-12-01(日本),134分钟,钢之炼金术师真人版/FullmetalAlchemist,tt5607028
最后的食谱 麒麟之舌的记忆,泷田洋二郎,林民夫/田中经一,二宫和也/西岛秀俊/宫崎葵/绫野刚/西畑大吾/竹野内丰/笈田吉/伊川东吾/小野寺晃良,剧情,www.last-recipe.jp,日本,日语,2017-11-03(日本),125分钟,最后的食谱：麒麟之舌(台)/拥有麒麟之舌的男人/TheLastRecipe/LastRecipe:MemoryofGiraffe'sTongue,tt5894876
哥斯拉：决战之都,静野孔文/濑下宽之,虚渊玄,宫野真守/梶裕贵/中井和哉/樱井孝宏/杉田智和/三宅健太/花泽香菜/诹访部顺一/小泽亚李/山路和弘/堀内贤雄,动作/科幻/动画,,日本,日语,2018-05-18(日本),101分钟,哥斯拉：决战机动增殖都市/GODZILLA第二章,tt8015080
BLAME!,濑下宽之,贰瓶勉/村井贞之,樱井孝宏/花泽香菜/雨宫天/山路和弘/宫野真守/洲崎绫/岛崎信长/梶裕贵/丰崎爱生/早见沙织,科幻/动画,www.blame.jp,日本,日语,2017-05-20(日本),106分钟,特工次世代(港)/探索者！(台)/BLAME!劇場版/ブラム！,tt6574146
初吻50次,福田雄一,福田雄一/乔治·温,山田孝之/长泽雅美/室毅/胜矢/太贺/山崎纮菜/大和田伸也/佐藤二朗/生越千晴/小宫有纱/青山美琦/樱井由纪/想乃,喜剧/爱情,50kiss.jp,日本,日语/英语/汉语普通话,2018-06-01(日本),114分钟,日版初恋50次/50次初吻(港)/我们的50次初吻(台)/50次的初吻/初恋50次/50FirstKisses,tt6916872
忍之国,中村义洋,和田龙,大野智/石原里美/铃木亮平/知念侑李/槙田雄司/平祐奈/满岛真之介/绪方义博/古关安广/立川谈春/国村隼/伊势谷友介,喜剧/动作/战争,shinobinokuni.jp/index.html,日本,日语,2017-06-21(上海电影节)/2017-07-01(日本),125分钟,忍者之国,tt5769414
你的鸟儿会唱歌,三宅唱,佐藤泰志/三宅唱,柄本佑/染谷将太/石桥静河,剧情,kiminotori.com,日本,日语,2018-09-01(日本),106分钟,函馆夜空更深蓝(港)/你的鸟儿能歌唱/AndYourBirdCanSing,tt6515458
朋克武士,石井岳龙,宫藤官九郎,绫野刚/北川景子/东出昌大/染谷将太/浅野忠信/村上淳/若叶龙也/近藤公园/涩川清彦/国村隼/丰川悦司/永濑正敏,喜剧/动作/奇幻/冒险,www.punksamurai.jp,日本,日语,2018-06-21(上海电影节)/2018-06-30(日本),130分钟,超人剑客,tt8306022
文豪野犬 Dead Apple,五十岚卓哉,榎户洋司/朝雾卡夫卡,上村祐翔/宫野真守/小野贤章/谷山纪章/诸星堇/细谷佳正/神谷浩史/丰永利行/花仓洸幸/岛村侑/小见川千明/小山力也/宫本充/雨宫天/诹访部顺一/福山润/石田彰/中井和哉/高桥李依/手冢弘道/中村千绘/中博史/坂本真绫,动作/动画,http://bungo-stray-dogs.jp/,日本,日语,2018-03-03(日本),90分钟,文豪ストレイドッグスデッドアップル/文豪野犬剧场版,tt8391976
中二病也要谈恋爱！剧场版 -Take On Me-,石原立也,花田十辉,福山润/内田真礼/赤崎千夏/浅仓杏美/上坂堇/长妻树里/仙台惠理/大塚芳忠/保志总一朗/岩男润子/福原香织/天野由梨/冲佳苗/井上喜久子/设乐麻美/山冈百合,喜剧/爱情/动画,www.anime-chu-2.com,日本,日语/意大利语,2018-01-06(日本),94分钟,"EigaChuunibyoudemoKoigaShitai!TakeOnMe/Love,Chunibyo&OtherDelusionstheMovie:TakeOnMe",tt6915208
数码宝贝大冒险tri. 第6章：我们的未来,元永庆太郎,本乡昭由/柿原优子,花江夏树/三森铃子/细谷佳正/田村睦心/吉田仁美/榎木淳弥/池田纯矢/市道真央/荒川美穗/坂本千夏/重松花鸟/山口真弓/樱井孝宏/山田蘑菇/松本美和/竹内顺子/德光由禾/森下由树子/浪川大辅/青山穰/武内骏辅/松泽千晶/千叶进步/小松郁/岩濑周平/小林直人/井上宝/滨田洋平/平田广明,科幻/动画/冒险,digimon-adventure.net,日本,日语,2018-05-05(日本),98分钟,,tt5468022
不干了，我开除了黑心公司,成岛出,多和田久美/成岛出/北川恵海,福士苍汰/工藤阿须加/黑木华/森口瑶子/池田成志/小池荣子/吉田钢太郎,喜剧,choi-yame.jp,日本,日语,2017-05-27(日本),113分钟,不干了！我开除了黑心公司(台)/受够了！我要炒老细(港)/希望在别处/ToEachHisOwn,tt5922578
代号基亚斯：反叛的鲁路修1之兴道,谷口悟朗,大河内一楼/谷口悟朗,福山润/樱井孝宏/野上尤加奈/小清水亚美/名塚佳织/折笠富美子/大原沙耶香/杉山纪彰/千叶纱子/若本规夫/井上喜久子/皆川纯子/南央美/梁田清之/成田剑/飞田展男/中田让治/真殿光昭/桧山修之/加濑康之/新井里美/私市淳/二又一成/辻亲八,科幻/动画,http://www.geass.jp/,日本,日语,2017-10-21(日本),135分钟,CodeGeass:LelouchoftheRebellion/CODEGEASS:PannideLuluxiuI-Xingdao/KôdoGiasu:HangyakunoRurûshuI-Kôdô,tt8100900
火花,板尾创路,板尾创路/丰田利晃/又吉直树,菅田将晖/桐谷健太/木村文乃/川谷修士/三浦诚己/加藤谅/高桥努/日野阳仁/山崎树范,剧情,hibana-movie.com,日本,日语,2017-10-15(京都国际电影节)/2017-11-23(日本),121分钟,火花映画版/火花电影版/栋笃双星血肉史(港)/SparkstheMovie/Hibana:Spark,tt6538416
精灵宝可梦：大家的故事,矢岛哲生,梅原英司/高羽彩,松本梨香/大谷育江/林原惠美/三木真一郎/犬山犬子/石冢运升/川荣李奈/芦田爱菜/滨田岳/大仓孝二/中川翔子/野泽雅子/山寺宏一,动画/奇幻/冒险,www.pokemon-movie.jp,日本,日语,2018-07-13(日本),97分钟,精灵宝可梦剧场版：大家的故事/剧场版精灵宝可梦：我们的故事(港)/剧场版口袋妖怪大家的物语/PokémontheMovie:ThePowerOfUs/PocketMonsterstheMovie:Everyone'sStory,tt8108230
旅猫日记,三木康一郎,有川浩/平松惠美子,福士苍汰/高畑充希/广濑爱丽丝/大野拓朗/山本凉介/前野朋哉/竹内结子,剧情,tabineko-movie.jp,日本,日语,2018-10-26(日本),118分钟,TabinekoReport/TheTravellingCatChronicles,tt6622982
哈纳莱伊湾,松永大司,松永大司/村上春树,吉田羊/佐野玲於/村上虹郎/佐藤魁/栗原类,剧情,,日本,日语,2018-10-19(日本),97分钟,HanaleiBay,tt8332772
爱，不由自主,行定勋,堀泉杏/岛本理生,松本润/有村架纯/坂口健太郎,剧情/爱情,narratage.com,日本,日语,2017-10-07(日本),140分钟,Narratage,tt5883020
进击的巨人剧场版：觉醒的咆哮,荒木哲郎/肥冢正史/田中洋之,小林靖子,梶裕贵/石川由依/井上麻里奈/下野纮/小林优/三上枝织/藤田咲/细谷佳正/桥诘知久/谷山纪章/岛村侑/津田健次郎/朴璐美/小野大辅/神谷浩史/子安武人,动画/灾难,http://shingeki.tv/movie_season2/,日本,日语,2018-01-13(日本),120分钟,进击的巨人第二季剧场版：觉醒的咆哮/ATTACKONTITAN:ROAROFAWAKENING,tt7941892
除蚤武士,鹤桥康夫,鹤桥康夫/小松重男,阿部宽/寺岛忍/丰川悦司/斋藤工/风间杜夫/大竹忍/前田敦子/桂三枝/笑福亭鹤光/福本莉子/飞鸟凛,喜剧/情色,nomitori.jp,日本,日语,2018-05-18(日本),110分钟,陪睡大人(台)/蚤とり侍/Nomitorisamurai/Flea-picking.Samurai,tt7393746
冰淇淋与雨声,松居大悟,松居大悟,森田想/田中怜子/田中伟登/青木柚/红甘/户冢丈太郎/若杉实森/门井一将,剧情,,日本,日语,2017-10-29(东京电影节)/2018-03-03(日本),74分钟,冰与雨声/冰淇淋与雨的声音/IceCreamandtheSoundofRaindrops,tt7250466
悠哉日常大王剧场版：假期活动,川面真也,吉田玲子,小岩井小鸟/村川梨衣/佐仓绫音/阿澄佳奈/名塚佳织/佐藤利奈/福圆美里/新谷良子/下地紫野/平松晶子/筱原惠美/绫濑有,喜剧/动画,nonnontv.com/movie/,日本,日语,2018-08-25(日本),71分钟,NonNonBiyoritheMovie:Vacation,tt7785128
拉普拉斯的魔女,三池崇史,八津弘幸/东野圭吾,樱井翔/广濑铃/福士苍汰/冈本多绪/高岛政伸/志田未来/佐藤江梨子/檀丽/玉木宏/中川雅也/丰川悦司,剧情/悬疑,www.laplace-movie.jp,日本,日语,2018-05-04(日本),115分钟,拉布拉斯的魔女/Laplace'sWitch,tt6686358
羊与钢的森林,桥本光二郎,金子亚里纱,山崎贤人/铃木亮平/上白石萌音/上白石萌歌/仲里依纱/城田优/森永悠希/佐野勇斗/堀内敬子/光石研/吉行和子/三浦友和,剧情,hitsuji-hagane-movie.com,日本,日语,2018-06-08(日本),134分钟,羊与钢之森/TheForestofWoolandSteel,tt6340698
坂道上的阿波罗,三木孝浩,高桥泉,知念侑李/中川大志/小松菜奈/藤冈靛/中村梅雀/真野惠里菜/山下容莉枝/松村北斗/野间口彻,剧情,apollon-movie.com,日本,日语,2018-03-10(日本),120分钟,SakamichinoApollon/KidsontheSlope,tt6835804
罗布奥特曼剧场版：决定了！羁绊的水晶,武居正能,中野贵雄,平田雄也/小池亮介/其原有沙/真锅薰/山崎银之丞/西井幸人/木下彩音/原日出子/滨田龙臣/内田雄马/汤浅枫/潘惠美,喜剧/动作/科幻/儿童,https://m-78.jp/rb/movie/,日本,日语,2019-03-08(日本),72分钟,罗布奥特曼剧场版：抉择！绊之水晶,tt9890758
代号基亚斯：反叛的鲁路修2之叛道,谷口悟朗,大河内一楼/谷口悟朗,福山润/樱井孝宏/野上尤加奈/小清水亚美/名塚佳织/成田剑/折笠富美子/大原沙耶香/杉山纪彰/千叶纱子/水岛大宙/若本规夫/河城英之介/井上伦宏/三户耕三/内田聪明/保志总一朗/后藤邑子/白鸟哲/井上喜久子/山野井仁/皆川纯子/南央美/梁田清之/幸野善之/宝龟克寿/中田让治/渡边明乃/真殿光昭/桧山修之/加濑康之/新井里美/仓田雅世/高田裕司/私市淳/二又一成/岛香裕/金井美香/须藤沙织/绿川光,动画,www.geass.jp/L-geass/,日本,日语,2018-02-10(日本),133分钟,CodeGeass:HangyakunoLelouchII-Handou,
绝对恋爱命令,山本透,北川亚矢子,小关裕太/玉城蒂娜/佐藤宽太/山田杏奈/金子大地/松雪崇/高田里穗,爱情,batsu-shina.jp,日本,日语,2018-06-23(日本),120分钟,要你对我xxx,tt8545394
霹雳奇幻 生死一剑,虚渊玄/黄强华/郑保品,虚渊玄/江波光则,鸟海浩辅/诹访部顺一/桧山修之/千叶一伸/安元洋贵/大川透/户松遥/小山力也/佐佐木义人/拜真之介/福西胜也/巴多利胜悟/西川贵教/鹤冈聪/黄文择/新垣樽助/高垣彩阳/速水奖/小西克幸/黄汇峰,动作/动画/奇幻/武侠,http://www.thunderboltfantasy.com/,日本/台湾,日语/闽南语,2017-12-02(日本)/2017-12-08(台湾),75分钟,霹雳幻想生死一剑/ThunderboltFantasy东离剑游纪外传/ThunderboltFantasy:TheSwordofLifeandDeath,tt7735462
最差劲,濑濑敬久,纱仓真菜/小川智子/濑濑敬久,森口彩乃/佐佐木心音/山田爱奈/忍成修吾/森冈龙/齐藤阳一郎/江口德子/渡边真起子/根岸季衣/高冈早纪,剧情,saitei-movie.jp,日本,日语,2017-10-31(东京电影节)/2017-11-25(日本),121分钟,女优的告白(台)/TheLowlife,tt6563012
妄想学生会 剧场版,金泽洪充,金泽洪充/氏家ト全(原作),浅沼晋太郎/日笠阳子/佐藤聪美/矢作纱友里/斋藤千和/上坂堇/下田麻美/日野未步/加藤英美里/小见川千明/小林优/新井里美/田村睦心/椎名碧流/平野文/布里德卡特·塞拉·惠美/田中爱美/白石稔,喜剧/动画,king-cr.jp/special/seitokai_G/,日本,日语,2017-07-21(日本),60分钟,,tt6337252
今天开始世界属于你,尾崎将也,尾崎将也,门胁麦/三浦贵大/比留川游/岡本拓朗/安井顺平/驹木根隆介/槙田雄司/江原由希子,剧情/爱情,sekakimi.com,日本,日语,2017-07-15(日本),106分钟,今天开始，世界是你的,tt6323858
吹响悠风号剧场版：想要传达的旋律,石原立也/小川太一,花田十辉,黑泽朋世/朝井彩加/丰田萌绘/安济知佳/寿美菜子/早见沙织/茅原实里/石谷春贵/沼仓爱美/樱井孝宏,剧情/动画,anime-eupho.com,日本,日语,2017-09-30(日本),105分钟,剧场版吹响！上低音号～想要传达的旋律～,tt6973828
三角草的春天,内藤瑛亮,唯野未步子/押切莲介,山田杏奈/清水寻也/大谷凜香/大塚丽奈/中田青渚/绀野彩夏/樱爱里纱/远藤健慎/大友一生/远藤真人/森田亚纪/户田昌宏/片冈礼子/寺田农,剧情,,日本,日语,2018-04-07(日本),114分钟,Liverleaf,tt7155170
数码宝贝大冒险tri. 第5章：共生,元永庆太郎,广田光毅/本乡昭由,花江夏树/三森铃子/细谷佳正/田村睦心/吉田仁美/榎木淳弥/池田纯矢/市道真央/荒川美穗/浪川大辅/甲斐田裕子/坂本千夏/重松花鸟/山口真弓/樱井孝宏/山田蘑菇/松本美和/竹内顺子/德光由禾/森下由树子/平田广明,科幻/动画/冒险,digimon-adventure.net,日本,日语,2017-09-30(日本),89分钟,,tt5468018
空中轮胎,本木克英,林民夫/池井户润,长濑智也/藤冈靛/高桥一生/深田恭子/岸部一德/笹野高史/寺胁康文/小池荣子/阿部显岚/中村苍/室毅/柄本明/佐佐木藏之介/升毅/谷村美月,剧情/悬疑,soratobu-movie.jp,日本,日语,2018-06-15(日本),121分钟,飞上天空的轮胎/Recall,tt6622960
代号基亚斯：反叛的鲁路修3之皇道,谷口悟朗,大河内一楼/谷口悟朗,福山润/樱井孝宏/野上尤加奈/小清水亚美/名塚佳织/绿川光/金井美香/伊藤沙织/高田裕司/真殿光昭/仓田雅世/桧山修之/私市淳/加濑康之/水岛大宙/成田剑/千叶纱子/白鸟哲/井上喜久子/新井里美/大原沙耶香/折笠富美子/杉山纪彰/保志总一朗/后藤邑子/井上伦宏/三户耕三/内田聪明/中田让治/皆川纯子/幸野善之/渡边明乃/山野井仁/河城英之介/百百麻子/若本规夫,动作/科幻/动画,www.geass.jp/L-geass/,日本,日语,2018-05-26(日本),140分钟,CodeGeass:HangyakunoLelouchIII-Oudou,
蜜桃女孩,神徳幸治,上田美和/山冈润平,山本美月/伊野尾慧/新田真剑佑/永野芽郁,剧情/喜剧/爱情,peachgirl-movie.jp,日本,日语,2017-05-20(日本),116分钟,PeachGirl,tt5593416
第68届NHK红白歌会,,,二宫和也/有村架纯/内村光良,音乐/歌舞,,日本,日语,2017-12-31(日本),270分钟,夢を歌おう,
花筐,大林宣彦,大林宣彦/檀一雄/桂千穂,洼冢俊介/满岛真之介/长塚圭史/柄本时生/矢作穗香/山崎纮菜/门胁麦/常盘贵子/武田铁矢/南原清隆/高岛政宏/入江若叶/片冈鹤太郎,剧情,hanagatami-movie.jp,日本,日语,2017-09-16(福冈电影节)/2017-12-16(日本),168分钟,Hanagatami,tt6887624
少女与战车 最终章 第1话,水岛努,吉田玲子,渊上舞/茅野爱衣/尾崎真实/井口裕香/福圆美里/高桥美佳子/植田佳奈/菊地美香/仙台惠理/大桥步夕/山冈百合/井泽诗织/山本希望/椎名碧流/津田美波/安济知佳,喜剧/动作/动画,http://girls-und-panzer.jp/,日本,日语,2017-12-09(日本),47分钟,GirlsundPanzerdasFinale:PartI,tt7833606
四月的长久梦,中川龙太郎,中川龙太郎,朝仓亚纪/三浦贵大/川崎ゆり子/高桥由美子/青柳文子/志贺广太郎/高桥惠子,剧情,http://tokyonewcinema.com,日本,日语,2017-06-24(莫斯科电影节)/2018-05-12(日本),93分钟,櫻花下我記得(台)/SummerBlooms,tt7085058
少女邂逅,枝优花,枝优花,保紫萌香/莫托拉·世理奈,剧情,kaikogirl.com,日本,日语,2017-08-15(MoosicLab)/2018-06-30(日本),101分钟,Girls'Encounter,tt6857958
橘子酱男孩,广木隆一,浅野妙子/吉住涉,樱井日奈子/吉泽亮/佐藤大树/优希美青/藤原季节/远藤新菜/竹财辉之助/寺胁康文/筒井道隆/谷原章介/檀丽/中山美穗,爱情,wwws.warnerbros.co.jp/marmaladeboy/,日本,日语,2018-04-27(日本),127分钟,実写版ママレード・ボーイ,tt7286500
请问您今天要来点兔子吗 剧场版,桥本裕之,桥本裕之,佐仓绫音/水濑祈/种田梨沙/佐藤聪美/内田真礼/德井青空/村川梨衣/早见沙织/茅野爱衣/清川元梦/速水奖/东地宏树/皆口裕子/木村珠莉/所河瞳/赤尾光/小原好美,喜剧/动画,www.gochiusa.com/ova/,日本,日语,2017-11-11(日本),60分钟,请问您今天要来点兔子吗剧场OVA/请问您今天要来点兔子吗？？～DearMySister～,tt7625514
猫是要抱着的,犬童一心,高田亮/大山淳子,泽尻英龙华/吉泽亮/峯田和伸/岩松了,剧情,nekodaku.jp/index.html,日本,日语,2018-06-18(上海电影节)/2018-06-23(日本),110分钟,猫是用来抱的(台)/拥抱猫咪/TheCatInTheirArms,tt9742106
双生薄荷,内田英治,内田英治/中村明日美子,渊上泰史/田中俊介/须贺健太/川笼石骏平/富手麻妙/毎熊克哉/一濑绫子/川崎美海/菅原大吉/高桥和也/小木茂光,剧情/同性,d-mints.jp,日本,日语/韩语,2017-06-03(日本),100分钟,DoubleMints,tt6488382
窈窕淑女前篇：红绪，花样的17岁,古桥一浩,古桥一浩,早见沙织/宫野真守/樱井孝宏/中井和哉/梶裕贵/濑户麻沙美/石冢运升/铃木玲子/三宅健太/伊藤静,剧情/喜剧/动画/战争,haikarasan.net,日本,日语,2017-11-11(日本),97分钟,,tt7058854
第69届NHK红白歌会,,,樱井翔/广濑铃/内村光良/桑子真帆/松田圣子/松任谷由实/北岛三郎/林佳树/AKB48/perfume/米津玄师/西野加奈,音乐/歌舞/真人秀,https://www.nhk.or.jp/kouhaku/,日本,日语,2018-12-31(日本),240分钟,红白歌会2018,
河畔,行定勋,冈崎京子/濑户山美咲,二阶堂富美/吉泽亮/上杉柊平/浅野堇/土居志央梨/森川葵/西田尚美,剧情/犯罪,movie-riversedge.jp,日本,日语,2018-02-16(日本),118分钟,河畔的恶意(港)/我很好(台)/River'sEdge,tt7476946
七大罪：天空的囚人,阿部记之/西片康人,上江洲诚,梶裕贵/雨宫天/久野美咲/悠木碧/铃木达央/福山润/高木裕平/坂本真绫/杉田智和,动画/奇幻/冒险,www.7-taizai-movie.net,日本,日语,2018-08-18(日本),99分钟,剧场版七大罪被天空囚禁的人,
魔神Z,志水淳儿,永井豪/小泽高广,森久保祥太郎/茅野爱衣/上坂堇/花江夏树/关俊彦/小清水亚美/森田顺平/石冢运升/藤原启治/宫迫博之/朴璐美/高木涉/菊池正美/岛田敏/盐屋浩三/田所梓/山口胜平/伊藤美来/藤原贵弘/川原庆久/新井良平/荒井聪太/服卷浩司/半田裕典/利根健太朗/村田太志/平井启二/藤本隆弘/织田优成/武田幸史/三浦祥朗/植田佳奈/本渡枫/田中亮一/田上真里奈/长江里加/木村遥/森下由树子/东城日沙子/松岛美野里/石丸博也,科幻/动画/灾难,www.mazinger-z.jp,日本,日语,2019-03-08(中国大陆)/2018-01-13(日本),94分钟(中国大陆)/95分钟,铁甲万能侠：决战魔神(港)/剧场版无敌铁金刚INFINITY(台)/魔神Z剧场版,tt6470762
面包，巴士和第二次初恋,今泉力哉,今泉力哉,深川麻衣/山下健二郎/伊藤沙莉/志田彩良,喜剧,,日本,日语,2018-02-17(日本),110分钟,"面包与巴士与第二次初恋/Bread,BusandFirstLove",tt7019808
向阳之处必有声,上条大辅,高桥奈都子/文乃有纪,多和田秀弥/小野寺晃良/三津谷亮/高岛礼子/山崎亚美,剧情/爱情/同性,hidamari-kikoeru.com,日本,日语,2017-06-24(日本),72分钟,听见向阳之声(台)/IHeartheSunspot/HidamarigaKikoeru,tt6174890
提高音量！我根本听不懂你在唱什么！！,三木聪,三木聪,阿部隆史/吉冈里帆/千叶雄大/麻生久美子/小峠英二/片山友希/中村优子/池津祥子/森下能幸/岩松了/布施绘里/田中哲司/松尾铃木,喜剧,onryoagero-tako.com,日本,日语,2018-10-12(日本),106分钟,大聲點笨蛋!完全不知道你在唱什麼(台),tt7493810
美丽之星,吉田大八,三岛由纪夫/吉田大八,中川雅也/龟梨和也/桥本爱/中岛朋子/佐佐木藏之介,剧情/科幻,gaga.ne.jp/hoshi/,日本,日语,2017-05-26(日本),127分钟,美丽星球/美丽的星球/ABeautifulStar,tt5512160
爸爸的便当世界第一,深津正和,大野敏嗣,渡边俊美/武田玲奈/清原翔/染野有来/熊谷江里子/田中光,剧情/家庭,,日本,日语,2017-06-10(日本),76分钟,爸爸的便当是世界第一(台)/爸爸的便当(港),tt6572190
睡美人之终,二宫健,二宫健,樱井由纪/高桥一生/成田凌/满岛真之介/阿部纯子/山谷初男,爱情,sleepingbeauty-movie.com,日本,日语,2017-10-21(日本),90分钟,裸睡美人(台)/睡美人的界限,tt7112158
恋爱的我是女主角吗？,筱原哲雄,持地佑季子,黑岛结菜/小泷望/高杉真宙/川荣李奈/谷村美月/市川知宏/绫野真白/石川志织/中村久美/铃木砂羽/白石美帆/森崎博之,爱情,principal-movie.jp,日本,日语,2018-03-03(日本),112分钟,主角就是我~恋爱的我是女主角吗？~/Principal：恋爱的我是女主角吗？,tt6538402
光,河濑直美,河濑直美,永濑正敏/水崎绫女/藤龙也/神野三铃/小市慢太郎/小出早织/大塚千弘/大西信满/堀内正美/白川和子,剧情,hikari-movie.com,日本,日语,2017-05-23(戛纳电影节)/2017-05-27(日本),101分钟,Hikari/Radiance,tt6165792
想成为奥田民生的男孩和让男人痴狂的女孩,大根仁,大根仁/涉谷直角,妻夫木聪/水原希子/新井浩文/安藤樱/天海祐希/中川雅也/松尾铃木/江口德子,喜剧/爱情,tamioboy-kuruwasegirl.jp,日本,日语,2017-09-16(日本),100分钟,TornadoGirl,tt5739586
热血街区电影版3：终极任务,久保茂昭/中茎强,平沼纪久/渡辺啓,岩田刚典/黑木启司/洼田正孝/山田裕贵/林遣都/田崎敬浩/登坂广臣/岸谷五朗,动作,,日本,日语,2017-11-11(日本),118分钟,,tt7624932
热血街区电影版2：天空尽头,久保茂昭/中茎强,平沼纪久/渡辺啓/福田昌平/上条大辅,岩田刚典/登坂广臣/田崎敬浩/黑木启司/洼田正孝/山田裕贵/林遣都/小林直己,动作,,日本,日语,2017-08-19(日本),124分钟,,tt6721358
冰果 真人版,安里麻里,安里麻里/米泽穗信,山崎贤人/广濑爱丽丝/小岛藤子/冈山天音/本乡奏多,剧情/悬疑,hyouka-movie.jp,日本,日语,2017-11-03(日本),114分钟,Hyôka,tt5573852
假面骑士Build：只有一个答案,上堀内佳寿也,武藤将吾,犬饲贵丈/赤楚卫二/高田夏帆/武田航平/水上剑星/前川泰之/泷裕可里/越智友己/小久保丈二/木山廉彬/胜村政信/藤井隆/松井玲奈/池田沙绘美/吉田爱梨/内村麻美,动作/科幻,www.build-lupin-vs-pato.jp,日本,日语,2018-08-04(日本),66分钟,,tt8591008
朋友游戏 真人版上,永江二朗,永江二朗/佐上佳嗣/山口美琴/佐藤友生,吉泽亮/内田理央/山田裕贵/大仓士门/根本风/久保田悠来/上野优华,剧情/悬疑,,日本,日语,2017-06-13(日本),97分钟,朋友游戏电影版前篇,tt6127016
伊藤君A到E,广木隆一,柚木麻子/青塚美穂,冈田将生/木村文乃/佐佐木希/志田未来/池田依来沙/夏帆/田口智朗/中村伦也/田中圭,爱情,,日本,日语,2018-01-12(日本),126分钟,伊藤君A到E电影版,tt7138120
恋爱禁止的世界,古泽健,吉田惠里香/武佐绪,森川葵/北村匠海/佐藤宽太/德井义实/浅川梨奈/田边桃子/远藤章造/三浦理惠子,爱情,koiuso.jp,日本,日语,2017-10-14(日本),106分钟,LoveandLies,tt6733372
光,大森立嗣,大森立嗣/三浦紫苑,井浦新/瑛太/长谷川京子/桥本爱实/梅泽昌代/金子清文/中沢青六/足立正生/原田麻由/鈴木晋介/高橋諒/笠久美/南果步/平田满,剧情,hi-ka-ri.com,日本,日语,2017-11-25(日本),137分钟,有一束光/Hikari/AndThenThereWasLight,tt6030996
接吻的饺子,秦建日子,秦建日子,足立梨花/田村侑久,剧情/爱情,kiss-gyo.jp,日本,日语,2018-06-22(日本),100分钟,啾咪饺子/GyozaRomance,tt7188948
薙刀社青春日记,英勉,英勉/小崎亚衣,西野七濑/樱井玲香/松村沙友理/白石麻衣/伊藤万理华/富田望生/生田绘梨花/松本妃代/冈野真也/江田结香/纪咲凪/北原帆夏/樋口柚子/绪方桃/宫田祐奈/松田佳央理/中田花奈/齐藤优里/中村伦也/森永悠希/角替和枝/江口德子,剧情,asahinagu-proj.com,日本,日语,2017-09-22(日本),105分钟,AsahiNagu/Asahinagu,tt6568190
假面骑士亚马逊们剧场版 最后的审判,石田秀范,高橋悠也,藤田富/鷹山仁/谷口贤志/武田玲奈,动作/科幻,,日本,日语,2018-05-19(日本),101分钟,假面骑士亚马逊们完结篇,tt8108180
创作英雄的男人 石之森章太郎,佐久间纪佳,福原充则,中岛健人/木村文乃/林遣都/大野拓朗/中田圭祐/佐久本宝/松川尚瑠辉/宮崎秋人/诚子,剧情,www.ntv.co.jp/24h/drama2018/,日本,日语,2018-08-25(日本),120分钟,石ノ森章太郎物語,
虹色时光,饭塚健,根津理香/饭塚健,佐野玲於/中川大志/高杉真宙/横浜流星/吉川爱/恒松祐里/堀田真由/坂东希,剧情,nijiiro-days.jp,日本,日语,2018-07-06(日本),109分钟,虹色时光真人版/RainbowDays,tt7493804
大诱拐2018,木下高男,宅间孝行/天藤真,冈田将生/富司纯子/中尾明庆/森田甘路/长谷川朝晴/国生小百合/棚桥弘至/平岩纸/大浦龍宇一/田中聪元/藤本泉/渡边宪吉/冈本玲/伊元六花/渡部笃郎/杉本哲太,剧情/犯罪,,日本,日语,2018-12-14(日本),,惊天绑架案,
她的人生没有错,广木隆一,加藤正人/广木隆一,泷内公美/光石研/高良健吾/柄本时生/莲佛美沙子/筱原笃/户田昌宏/安藤玉惠/波冈一喜/磨赤儿/小篠恵奈/毎熊克哉/趣里,剧情,gaga.ne.jp/kanojo/,日本,日语,2017-07-15(日本),120分钟,她的东京应召周末(台)/SideJob,tt6823246
小偷演员,西田征史,西田征史,丸山隆平/市村正亲/石桥杏奈/宫川大辅/片桐仁/高畑充希/峰村理惠/中山裕介/向井理/片桐入/平田敦子/查德·穆莱恩,喜剧,dorobou-yakusha.jp,日本,日语,2017-10-27(东京电影节)/2017-11-18(日本),114分钟,TheStand-inThief/Dorobôyakusha,tt6444182
食女,生野慈朗,筒井智美,小泉今日子/泽尻英龙华/前田敦子/广濑爱丽丝/山田优/坛蜜/夏洛特·凯特·福克斯/铃木京香,剧情,,日本,日语,2018-06-17(上海电影节)/2018-09-21(日本),104分钟,闺蜜食堂(港)/姐姐的私厨(台)/食欲与爱欲/饮食女女/EatingWoman,tt8232016
假面骑士平成世代 FINAL Build & EX-AID with 传说骑士,上堀内佳寿也,武藤将吾/高橋悠也,犬饲贵丈/饭岛宽骑/渡部秀/福士苍汰/佐野岳/西铭骏/赤楚卫二/高田夏帆/濑户利树/松本享恭/岩永彻也/松田流花/小野塚勇人/甲斐翔真/三浦涼介/水上剑星/前川泰之/大槻贤二/木山廉彬/泷裕可里/黑崎莉奈/田中卓志/土屋紫苑,动作/科幻,,日本,日语,2017-12-09(日本),91分钟,KamenRiderHeiseiGenerationsFinal:BUILD&EX-AIDwithLegendRiders,tt7472924
洗屋,片桐健滋,片桐健滋/梅本竜矢,池田依来沙/涩川清彦/伊藤健太郎/光宗薰/小田切让,剧情,roomlaundering.com,日本,日语,2018-06-16(上海电影节)/2018-07-07(日本),109分钟,洗鬼同你住(港)/净化万事屋(台)/净化屋/RoomLaundering,tt7724322
海边的李尔,小林政广,小林政广,仲代达矢/黑木华/原田美枝子/小林薰/阿部宽,剧情,www.umibenolear.com,日本,日语,2017-06-03(日本),105分钟,海边的李尔王(台)/海边的背后/LearontheShore,tt6393026
魔法科高校的劣等生 呼唤星辰的少女,吉田りさこ,佐島勤,中村悠一/早见沙织/内山夕实/寺岛拓笃/佐藤聪美/田丸笃志/雨宫天/巽悠衣子/花泽香菜/井上麻里奈/诹访部顺一/日笠阳子/小原好美,剧情/动作/科幻/动画,mahouka.jp,日本,日语,2017-06-17,90分钟,TheIrregularatMagicHighSchoolTheMovie:TheGirlWhoCallstheStars,tt6580380
童使,清水崇,BrazilyAnneYamada/清水崇,泷泽秀明/有冈大贵/门胁麦,恐怖,kodomo-tsukai.jp,日本,日语,2017-06-17(日本),111分钟,操控孩童/死小孩(台)/LittleNightmares,tt5856116
天才麻将少女：阿知贺篇 电影版,小沼雄一,森迅史,樱田日和/伊藤萌々香/恒松祐里/渡边幸爱/南泽奈央/志田友美/高田里穗/冈崎纱绘/小仓优香/新井爱瞳/岩田华怜/矢野优花/岩崎春果/浅川梨奈/志水彩乃/兰梦,剧情/运动,www.saki-project.jp,日本,日语,2018-01-20(日本),112分钟,咲-Saki-阿知贺篇真人版,tt7675596
人狼游戏：疯狂大陆,绫部真弥,川上亮/绫部真弥,浅川梨奈/松永有纱/門下秀太郎/饭田祐真/栗原吾郎/長谷川ニイナ/眞嶋秀斗/木下愛華/坂田将吾/佐奈宏紀,剧情,,日本,日语,2017-07-15(日本),97分钟,人狼游戏：泥浆乐园/Jinrougemu:Maddorando,tt7122596
想要传达你的声音,伊藤尚往,石川学,片平美那/田中有纪/岩渊桃音/神户光步/铃木阳斗实/饭野美纱子/三森铃子/梶裕贵/铃木达央/野泽雅子,剧情/爱情/动画,http://kimikoe.com/movie/,日本,日语,2017-08-25(日本),94分钟,想把你的声音传达到,tt7283052
恶与假面的规则,中村哲平,中村文则,玉木宏/新木优子/吉泽亮/中村达也/柄本明/光石研,剧情/惊悚/犯罪,akutokamen.com,日本,日语,2018-01-13(日本),139分钟,EvilandTheMask,tt6813892
风之颜色,郭在容,郭在容,古川雄辉/藤井武美/石井智也/袴田吉彦/小市慢太郎/中田喜子/竹中直人,剧情/爱情,kaze-iro.jp,日本,日语,2017-07-14(富川奇幻电影节)/2018-01-26(日本),119分钟,风之色/遇上世界上另一个你(港)/바람의색/ColorsofWind,tt4578910
覆面系,三木康一郎,横田理惠,中条彩未/志尊淳/小关裕太/真野惠里菜/矶村勇斗/杉野遥亮,剧情/喜剧/音乐,fukumenkei-noise.jp,日本,日语,2017-11-25(日本),116分钟,覆面系NOISE,tt6131672
朋友游戏 真人版下,永江二朗,永江二朗/佐上佳嗣/山口美琴/佐藤友生,吉泽亮/内田理央/山田裕贵/大仓士门/根本风/久保田悠来/上野优华/财木琢磨/浦上晟周/加藤明子,剧情/悬疑,,日本,日语,2017-09-02(日本),99分钟,朋友游戏电影版后篇,tt6215660
武曲,熊切和嘉,高田亮/藤泽周平,绫野刚/村上虹郎/前田敦子/片冈礼子/神野三铃/康巢恩/风吹淳/小林薰/柄本明,动作/冒险,mukoku.com,日本,日语,2017-06-03(日本),125分钟,,tt6103812
诗歌天使,饭冢俊光,饭冢俊光,冈山天音/武田玲奈/鹤见辰吾/美保纯/角田晃广/山田真步/芹泽兴人/下条阿童木/富田望生/安田圣爱/小川杏/仲谷香春,剧情,poetryangel.net,日本,日语,2017-05-20(日本),95分钟,PoetryAngel,tt5436780
泡吧侦探3,吉田照幸,古泽良太,大泉洋/松田龙平/北川景子/中川雅也/前田敦子/志尊淳/松重丰/铃木砂羽/儿岛雄一/田口智朗,剧情,www.tantei-bar.com,日本,日语,2017-12-01(日本),122分钟,TheLastShotintheBar/Tanteiwabarniiru3,tt7058618
亲爱的,神德幸治,山冈润平,平野紫耀/平祐奈/横浜流星/水谷果穂/浅川梨奈/佐野岳/臼田麻美/中山忍/高橋優/坂田聪,爱情,honey-movie.jp,日本,日语,2018-03-31(日本),105分钟,ハニー,tt6861402
拳击场故事,武正晴,横幕智裕/李凤宇,佐藤江梨子/瑛太/有园芳记/田中要次/余贵美子/高桥和也/武藤敬司/前野朋哉,剧情,ringside.jp,日本,日语,2017-10-14(日本),104分钟,没关系，是渣男啊(台)/擂台物语(港)/RingsideStory,tt5956812
山田孝之3D,松江哲明/山下敦弘,,山田孝之/芦田爱菜,剧情/喜剧,www.tv-tokyo.co.jp/yamada_cannes/takayuki_yamada_the_movie_3d/,日本,日语,2017-06-16(日本),90分钟,电影山田孝之3D/TakayukiYamadaTheMovie3D/YamadaTakayukiin3D,tt6696674
樱桃男孩,西海谦一郎,古泉智浩/松居大悟,林遣都/柳俊太郎/前野朋哉/池田依来沙/石垣佑磨/冈山天音/山谷花纯/岸明日香/马场良马/吹越满/立石凉子,喜剧,,日本,日语,2018-02-17(日本),113分钟,樱桃男孩真人版,tt7512170
一吻定情电影版3：求婚篇,溝口稔,沟口稔,佐藤宽太/美沙玲奈,喜剧/爱情,,日本,日语,2017-11-25(日本),,恶作剧之吻电影版3求婚篇,tt5629032
吸血粘土,梅沢壮一,梅沢壮一,武田杏香/杉本桃花/藤田恵名/牧原ゆゆ/篠田諒/津田宽治/黑泽明日香,恐怖,,日本,日语,2017-08-19(日本),80分钟,大陶杀(港)/吸血人偶/Chiosûnendo/VampireClay,tt7026370
笑傲昙天,本广克行,高橋悠也/唐唐煙,福士苍汰/中山优马/若山耀人/桐山涟/古川雄辉/大东骏介/小关裕太/东山纪之/市川知宏/加治将树,剧情,donten-movie.jp,日本,日语,2018-03-21(日本),94分钟,笑对阴天,tt5769440
牙狼剧场版 - 神之牙,雨宫庆太,雨宫庆太,栗山航/池田纯矢/青木玄德/井上正大/南里美希,动作/奇幻/冒险,garo-project.jp/KAMINOKIBA/,日本,日语,2017-10-30(东京电影节)/2018-01-06(日本),96分钟,Garo:Kaminokiba,tt7117354
野良猫,榊英雄,清水匡,洼冢洋介/降谷建志/市川由衣/品川祐/三浦诚己/高川裕也/柳英里纱/川濑阳太/森冈丰/马场良马/火野正平,剧情/犯罪,alleycat-movie.com,日本,日语,2017-06-18(上海电影节)/2017-07-15(日本),129分钟,野猫大暴走(港)/街猫二人组(台)/流浪猫/AlleyCat,tt6347492
乱世花道,筱原哲雄,森下佳子/鬼塚忠,野村万斋/市川猿之助/中井贵一/佐佐木藏之介/佐藤浩市/高桥克实/山内圭哉/和田正人/森川葵/吉田荣作/竹下景子,剧情,www.hanaikusa.jp,日本,日语,2017-06-03(日本),127分钟,花战/花いくさ/Hanaikusa,tt5493172
心灵想要大声呼喊,熊泽尚人,まなべゆきこ,中岛健人/芳根京子/石井杏奈/宽一郎/荒川良良/大塚宁宁/福山康平,剧情,kokosake-movie.jp,日本,日语,2017-07-22(日本),119分钟,心欲呼喊/好想大聲說出心底的話(台)/TheAnthemoftheHeart,tt6738046
破门而入,詹姆斯·麦克特格,瑞安·恩格尔,加布里埃尔·尤尼恩/比利·伯克/理查德·卡夫拉尔/阿琼娜·亚历克苏丝/列维·米登/塞斯·凯尔/马克·弗泽/杰森·乔治/克瑞丝塔·米勒/达米安·利克,剧情/惊悚/犯罪,,日本/美国,英语,2018-05-11(美国),88分钟,,tt7137846
东京吸血鬼酒店 (电影版),园子温,园子温,夏帆/满岛真之介/富手麻妙/安达祐实/神乐坂惠,剧情/惊悚/奇幻,,日本,日语,2017-10-05(锡切斯奇幻电影节),142分钟,TokyoVampireHotel,tt7404868
预兆,黑泽清,高桥洋/黑泽清,夏帆/染谷将太/东出昌大/中村映里子/岸井雪乃/安井顺平/石桥桂/吉冈睦雄/大塚弘太/千叶哲也/诹访太朗/渡边真起子/中村诚/大杉涟,科幻,yocho-movie.jp,日本,日语,2017-11-11(日本),140分钟,预兆电影版,tt7931422
最后的踢踏舞,水谷丰,两泽和幸,水谷丰/北乃绮/六平直政/岸部一德/前田美波里/鹤田忍/清水夏生/西川大贵/小林麻子/山中崇史/片桐龙次/小野了/六角精儿,剧情,,日本,日语,2017-06-17(日本),133分钟,踏响人生(台),tt5684710
不知花开否,谷本佳织,高桥奈都子/日高ショーコ,渡边剑/天野浩成/盐野瑛久/小原唯和/水石亚飞梦/本宫泰风,爱情/同性,,日本,日语,2018-02-24(日本),88分钟,等待花开时,tt7408772
北之樱守,泷田洋二郎,那须真知子,吉永小百合/堺雅人/筱原凉子/佐藤浩市/阿部宽/高岛礼子/中村雅俊/笑福亭鹤瓶/岸部一德,剧情,www.kitanosakuramori.jp,日本,日语,2018-03-10(日本),126分钟,北之樱守~妈妈的守护者~(台)/SakuraGuardianintheNorth,tt6538368
人狼游戏：地狱,绫部真弥,川上亮/绫部真弥,武田玲奈/上野优华/小仓优香/都丸纱也华/松本享恭/时人/平松贤人/贵志晃平/吉原雅斗/水野胜/足立理/海田朱音,剧情/惊悚,,日本,日语,2018-04-07(日本),95分钟,人狼游戏7：Inferno/TheWerewolfGame:Inferno,tt8723756
海边的生与死,越川道夫,越川道夫/梯久美子/島尾敏雄,满岛光/永山绚斗/津嘉山正种/井之胁海/川濑阳太,剧情,www.umibenoseitoshi.net,日本,日语,2017-06-17(上海电影节)/2017-07-29(日本),155分钟,LifeandDeathontheShore,tt6741160
魔法少女伊莉雅：雪下的誓言,大沼心,井上坚二/水濑叶月,杉山纪彰/名塚佳织/门胁舞以/花江夏树/下屋则子/小山力也/中田让治,动画/奇幻,,日本,日语,2017-08-26(日本),90分钟,Fate/kaleidliner魔法少女☆伊莉雅：雪下的誓言,tt7283066
谎话连篇,武正晴,足立绅/今井雅子,中井贵一/佐佐木藏之介/友近/森川葵/前野朋哉/堀内敬子/木下邦家/塚地武雅/寺田农/芦屋小雁/近藤正臣,喜剧,,日本,日语,2018-01-05(日本),105分钟,WeMakeAntiques/幕後古玩家(港),tt7268388
雪耻女孩,三木康一郎,吉田惠里香,桐谷美玲/铃木伸之/清原翔/马场富美加/佐津川爱美/大和田伸也/齐藤由贵/竹内爱纱,喜剧/动作/爱情,revengegirl-movie.jp,日本,日语,2017-12-23(日本),110分钟,复仇女孩/雪耻少女/RevengeGirl,tt7222296
南瓜与蛋黄酱,冨永昌敬,冨永昌敬,臼田麻美/小田切让/太贺/浅香航大/若叶龙也/大友律/清水久留巳/冈田纱里/光石研,剧情,kabomayo.com,日本,日语,2017-11-11(日本),93分钟,南瓜与美乃滋,tt6964896
诱拐法庭～七天～,麻生学,泉吉纮,松岛菜菜子/丸山隆平/杉本哲太/饭丰万理江/柄本时生/柾木玲弥/八岛智人/绪方义博/伊武雅刀/风吹淳,剧情,https://www.tv-asahi.co.jp/yuukaihoutei/#/,日本,日语,2018-10-07(日本),,绑架法庭七天/誘拐法庭～SevenDays～,
幻想游戏,畑泰介,畑泰介,久本雅美/板野友美,,,日本,日语,2018-06-16(上海电影节)/2018-07-28(日本),91分钟,ImaginationGame,tt8569610
好想吃拉面！,熊谷祐紀,熊谷祐紀/林明輝,中村友梨香/葵若菜/石桥莲司/黑羽麻璃央/宅间孝行/片冈礼子,喜剧/家庭,ramen-kuitee.com,日本,日语,2018-03-03(日本),102分钟,,tt7797284
鸟女,英勉,高桥泉/中村航,土屋太凤/间宫祥太朗/高杉真宙/池田依来沙/矢本悠马/前原滉/佐生雪/羽鸟慎一/轰二郎,喜剧/运动,torigirl-movie.com,日本,日语,2017-09-01(日本),97分钟,鸟女孩/压轴女孩,tt5791094
噢，露西！,平柳敦子,平柳敦子/鲍里斯·弗鲁明,寺岛忍/乔什·哈奈特/南果步/役所广司/忽那汐里/梅根·莫拉莉/蕾可·艾尔丝沃斯/井上肇/卡尔文·C·温布什,剧情/喜剧,,日本/美国,英语/日语,2017-05-22(戛纳电影节)/2018-04-28(日本),95分钟,喔！露西(台)/嗨，露西！/露西,tt6343058
飞翔吧！埼玉,武内英树,德永友一/魔夜峰央,二阶堂富美/神威乐斗/伊势谷友介/京本政树/汤姆大哥/麻生久美子/岛崎遥香/成田凌/间宫祥太朗/益若翼/武田久美子/磨赤儿/竹中直人/中尾彬,喜剧,www.tondesaitama.com,日本,日语,2019-01-11(上海日本新片展)/2019-02-22(日本),107分钟,飞翔琦玉,tt8860946
增速驱动,羽住英一郎,桑村沙也香,东出昌大/新田真剑佑/森川葵/北村匠海/町田启太/吉田钢太郎,动作,overdrive-movie.jp,日本,日语,2018-06-01(日本),105分钟,超速行驶,tt7155178
听说爷爷去世了,森垣侑大,山崎佐保子,岸井雪乃/岩松了/美保纯/冈山天音/小野花梨/赤间麻里子/池本启太/五步一豊/大方斐纱子/松泽匠/水野美纪/光石研,剧情,ojiichan-movie.com,日本,日语,2017-10-29(东京电影节)/2017-11-04(日本),104分钟,跟爷爷说再见(台)/听说爷爷死了/爷爷死了/再见了，爷爷,tt7009956
不能犯,白石晃士,白石晃士/山冈润平/神崎裕也,松坂桃李/泽尻英龙华/新田真剑佑/安田显/间宫祥太朗/真野惠里菜/芦名星/矢田亚希子/菅谷哲也/冈崎纱绘/忍成修吾/水上剑星/水上京香/今野浩喜/堀田茜/小林稔侍,剧情/悬疑/犯罪,funohan.jp,日本,日语,2017-12-01(上海首映)/2018-02-01(日本),106分钟,Funôhan,tt6207118
超豪华！！最初也是最后的大同窗会！8时J,,,泷泽秀明/山下智久/生田斗真/风间俊介/长谷川纯/大野智/樱井翔/相叶雅纪/二宫和也/松本润/村上信五/横山裕/锦户亮/丸山隆平/安田章大/大仓忠义,真人秀/脱口秀,https://www.tv-asahi.co.jp/8ji/#/,日本,日语,2018-12-29(日本),90分钟,杰尼斯超豪华！！最初也是最后的大同窗会,
捷德奥特曼 剧场版：连接吧！心愿！！,坂本浩一,根元歳三/安達寛高,滨田龙臣/山本千寻/长谷川真优/小泽雄太/本仮屋唯佳/青柳尊哉/石黑英雄/小西克幸/三森铃子/潘惠美/浅沼晋太郎/宫野真守/绿川光/神谷浩史/关智一/入野自由/田中秀幸/池田昌子/西冈德马,动作/科幻/动画,,日本,日语,2018-03-10(日本),90分钟,ウルトラマンジードUltramanGeed/UltramanGeedTheMovie:I'llConnectWiththeWish!,tt7772394
富美子之足,上田笃司,谷崎润一郎/上田笃司,片山萌美/渊上泰史/绪方义博/田村泰二郎/山田真步/武藤礼子,剧情,http://tanizakitribute.com/,日本,日语,2018-02-10(日本),89分钟,Fumikonoashi/Fumiko'sFeet,tt7442362
Free! 男子游泳部 特别版,河浪荣作,横谷昌宏,岛崎信长/铃木达央/代永翼/平川大辅/宫野真守/细谷佳正/宫田幸季/铃村健一/丰永利行/内山昂辉/野岛健儿/日野聪/铃木千寻/渡边明乃/雪野五月/家中宏/津田健次郎,剧情/动画/运动,tym.iwatobi-sc.com,日本,日语,2017-10-28(日本),100分钟,特别版FREE!男子游泳部–TakeYourMarks–(台)/特別版Free!TakeYourMarks,tt8141908
美好的危险丑闻,冨永昌敬,冨永昌敬/末井昭,柄本佑/前田敦子/三浦透子/峯田和伸/松重丰/村上淳/尾野真千子,剧情,dynamitemovie.jp,日本,日语,2018-03-17(日本),138分钟,灿烂吧！情色时代(台)/灿烂的危险丑闻/DynamiteGraffiti/SutekinaDynamiteScandal,tt6921076
烧肉龙,郑义信,郑义信,真木阳子/井上真央/樱庭奈奈美/大泉洋/大谷亮平/宇野祥平/根岸季衣/李静恩/金相浩,剧情/家庭,yakinikudragon.com,日本,日语,2018-06-22(日本),126分钟,烧肉Dragon,tt8226904
犬猿,吉田恵辅,吉田恵辅,洼田正孝/新井浩文/江上敬子/笕美和子,剧情/喜剧,kenen-movie.jp,日本,日语,2018-02-10(日本),103分钟,Kenen/ThickerThanWater,tt7222290
午夜巴士,竹下昌男,伊吹有喜/加藤正人,原田泰造/山本未来/长塚京三/小西真奈美/葵若菜/渡边真起子/远藤雄弥,剧情,midnightbus-movie.jp,日本,日语,2017-11-02(东京电影节)/2018-01-27(日本),157分钟,深夜巴士/MidnightBus/Middonaitobasu,tt6581576
机动战士高达THE ORIGIN V 激战 鲁姆战役篇,安彦良和/今西隆志,隅泽克之,池田秀一/潘惠美/三宅健太/古谷彻/浦山迅/银河万丈/柿原彻也/泽城美雪/大塚明夫,科幻/动画,gundam-the-origin.net,日本,日语,2017-09-02(日本),84分钟,機動戦士ガンダムTHEORIGINルウム編/机动战士高达THEORIGIN鲁姆战役篇,tt7303948
友罪,濑濑敬久,药丸岳/濑濑敬久,生田斗真/瑛太/山本美月/夏帆/青木崇高/古馆宽治/佐藤浩市/忍成修吾/村上淳/渡边真起子/片冈礼子/光石研/西田尚美/石田法嗣/富田靖子/宇野祥平/小市慢太郎/矢岛健一/坂井真纪/奥野瑛太,犯罪,gaga.ne.jp/yuzai/,日本,日语,2018-05-25(日本),129分钟,MyFriend'A'/Yûzai,tt7210264
机动战士高达THE ORIGIN VI 赤色彗星诞生,安彦良和,隅泽克之,池田秀一/潘惠美/银河万丈/渡边明乃/三宅健太/古谷彻/柿原彻也/古川登志夫/福圆美里/大塚明夫,科幻/动画,http://www.gundam-the-origin.net/,日本,日语,2018-05-05(日本),84分钟,机动战士高达THEORIGINVI诞生红色彗星,tt8742774
JOJO的奇妙冒险：不灭钻石 第一章,三池崇史,荒木飞吕彦/江良至,山崎贤人/神木隆之介/小松菜奈/冈田将生/新田真剑佑/山田孝之/伊势谷友介/观月亚理莎/国村隼,动作/奇幻/冒险,jojo-movie.jp,日本,日语,2017-08-04(日本),119分钟,JOJO的冒险奇遇,tt6105880
虽说是未成年，但可不是小孩哟,英勉,保木本佳子,中岛健人/平祐奈/知念侑李/山本舞香/村上新悟/生田智子/シルビア・グラブ/高岛政宏,喜剧/爱情,misekodo.jp,日本,日语,2017-12-23(日本),104分钟,虽是未成年，但不是孩子,tt7027850
关原之战,原田真人,原田真人/司马辽太郎,冈田准一/役所广司/有村架纯/平岳大/东出昌大/北村有起哉/伊藤步/中岛书/音尾琢真/松角洋平/和田正人/木村绿子/泷藤贤一/中越典子/坛蜜/西冈德马/松山研一/磨赤儿/春海四方/堀部圭亮/三浦诚己,历史/战争,sekigahara-movie.com,日本,日语,2017-08-26(日本),149分钟,Sekigahara,tt5954284
君主！先发制人,月川翔,吉田惠里香/幸田百子,竹内凉真/滨边美波/佐藤大树/川荣李奈/新川优爱/福本莉子/佐生雪/矢本悠马,喜剧/爱情,sensei-kunshu.com,日本,日语,2018-08-01(日本),104分钟,老师君主(台),tt8668312
散步的侵略者,黑泽清,黑泽清/田中幸子/前川知大,长泽雅美/松田龙平/高杉真宙/恒松祐里/长谷川博己/前田敦子/满岛真之介/儿岛一哉/光石研/东出昌大/小泉今日子/笹野高史,剧情/科幻,sanpo-movie.jp,日本,日语,2017-05-21(戛纳电影节)/2017-09-09(日本),129分钟,来自星凶的爱(港)/BeforeWeVanish,tt5999530
响：成为小说家的方法,月川翔,西田征史/柳本光晴(原作),平手友梨奈/北川景子/威尔逊·绫香/高岛政伸/柳乐优弥/野间口彻/小松和重/黑田大辅/板垣瑞生/小栗旬,剧情,hibiki-the-movie.jp,日本,日语,2018-09-14(日本),106分钟,,tt7754222
羊之树,吉田大八,香川正人,锦户亮/木村文乃/北村一辉/优香/松田龙平/市川实日子/田中泯/水泽绅吾,剧情/犯罪,hitsujinoki-movie.com,日本,日语,2017-10-15(釜山电影节)/2018-02-03(日本),126分钟,羊之木/TheScythianLamb,tt6087562
三次元女友,英勉,高野水登,中条彩未/佐野勇斗/清水寻也/恒松祐里/上白石萌歌/优太朗/三浦贵大/神田沙也加/滨田麻里/竹内力,喜剧,3dkanojomovie.jp,日本,日语,2018-06-18(上海电影节)/2018-09-14(日本),115分钟,3D女友/3D女朋友/3DKanojo:RealGirl,tt8746914
摇曳的心,熊泽尚人,熊泽尚人/沼田真帆香留,吉高由里子/松坂桃李/松山研一/佐津川爱美/清野菜名/清原果耶/木村多江,剧情/悬疑,yurigokoro-movie.jp,日本,日语,2017-09-23(日本),128分钟,百合心/摇摆的心/摇曳不安的心,tt6289898
亚人 真人版,本广克行,濑古浩司/山浦雅大/樱井画门,佐藤健/玉山铁二/城田优/千叶雄大/川荣李奈/山田裕贵/滨边美波/品川祐/吉行和子/绫野刚/铃村健一/宫野真守/永冈佑,剧情/动作/奇幻,ajin-movie.com,日本,日语,2017-09-30(日本),109分钟,,tt6215712
硬核机器人,山下敦弘,向井康介/狩撫麻礼,山田孝之/佐藤健/荒川良良/石桥桂/首くくり栲象/康巢恩/藤原季节/松隆子,喜剧,hardcore-movie.jp,日本,日语,2018-10-31(东京电影节)/2018-11-23(日本),124分钟,平成地獄兄弟～驚驚/HardCore:HeiseiJigokuBrothers/Hardcore,tt7246942
命运之夜——天之杯2：失去之蝶,须藤友德,奈须蘑菇/桧山彬,杉山纪彰/下屋则子/神谷浩史/川澄绫子/植田佳奈/门胁舞以/伊藤美纪/中田让治/津嘉山正种/关智一/浅川悠/诹访部顺一/稻田彻,剧情/动画/奇幻,www.fate-sn.com,日本,日语,2019-01-12(日本),,命运之夜——天之杯2：迷途之蝶/命运之夜剧场版天之杯2,tt8091892
灵能百分百 REIGEN,立川让,濑古浩司,伊藤节生/樱井孝宏/大塚明夫/入野自由,动画/奇幻,http://mobpsycho100.com/special/event0318.html,日本,日语,2018-03-18(日本),60分钟,灵能百分百REIGEN～不为人知奇迹的灵能力者～,
齐木楠雄的灾难 真人版,福田雄一,福田雄一,山崎贤人/桥本环奈/新井浩文/吉泽亮/笠原秀幸/贺来贤人/室毅/佐藤二朗/田边诚一/内田有纪,喜剧,saikikusuo-movie.jp,日本,日语,2017-10-21(日本),97分钟,超能力者齐木楠雄的灾难真人版,tt4773438
哥斯拉：怪兽行星,静野孔文/濑下宽之,虚渊玄,梶裕贵/诹访部顺一/花泽香菜/樱井孝宏/杉田智和/小野大辅/中井和哉/堀内贤雄/三宅健太/山路和弘/宫野真守,动作/科幻/动画,godzilla-anime.com/index.html,日本,日语,2018-09-21(中国大陆)/2017-11-17(日本),89分钟,哥斯拉：怪兽惑星(港)/哥斯拉：怪兽星球/GODZILLA第一章/Godzilla:PlanetoftheMonsters/Godzilla:MonsterPlanet,tt5979874
精灵宝可梦：就决定是你了,汤山邦彦,米村正二/田尻智,松本梨香/大谷育江/佐藤刊里/本乡奏多/古田新太/逢坂良太/林原惠美/三木真一郎/犬山犬子/山寺宏一/中川翔子,动画/奇幻/冒险,www.pokemon-movie.jp,日本,日语,2017-07-15(日本),99分钟,宠物小精灵：就决定是你了/神奇宝贝：就决定是你了/PokémontheMovie:IChooseYou!,tt6595896
家族之苦3,山田洋次,山田洋次/平松惠美子,桥爪功/吉行和子/西村雅彦/夏川结衣/中岛朋子/林家正蔵/妻夫木聪/苍井优/藤山扇治郎/广冈由里子/北山雅康/大沼柚希/小林飒/小川绘莉/徳永雄辉/小林稔侍/风吹淳/木场胜己/立川志らく/笹野高史/笑福亭鹤瓶,喜剧/家庭,kazoku-tsuraiyo.jp,日本,日语,2018-04-05(香港电影节)/2018-05-25(日本),123分钟,"嫲烦家族3走佬阿嫂(港)/家族之苦3：蔷薇之妻/家族之苦3：像蔷薇一样的妻子啊/WhataWonderfulFamily!3:MyWife,MyLife/Wife,BeLikeaRose:WhataWonderfulFamily!3",tt7493808
她不知道名字的那些鸟儿,白石和弥,浅野妙子/沼田真帆香留,苍井优/阿部隆史/松坂桃李/村川绘梨/赤堀雅秋/赤泽瑟丽/中岛书/竹野内丰,剧情/悬疑,kanotori.com,日本,日语,2017-09-07(多伦多电影节)/2017-10-28(日本),123分钟,她不知道那些鸟的名字(台)/鸟兽行(港)/未闻鸟名(豆友译名)/BirdsWithoutNames,tt6493644
虽然只是弄丢了手机,中田秀夫,大石哲也,北川景子/千叶雄大/田中圭/成田凌/笨蛋主义/要润/高桥玛莉润/笕美和子/原田泰造,剧情/悬疑/惊悚,sumaho-otoshita.jp,日本,日语,2018-11-02(日本),116分钟,原本以为只是手机掉了/只是丢了智能手机而已/只是丢了手机而已,tt8531044
孤狼之血,白石和弥,池上纯哉/柚月裕子,役所广司/松坂桃李/真木阳子/泷藤贤一/田口智朗/石桥莲司/江口洋介/竹野内丰/阿部纯子/泷正则/中村伦也/中村狮童,剧情/犯罪,www.korou.jp,日本,日语,2018-05-12(日本),126分钟,Korônochi/TheBloodofWolves,tt6622902
花牌情缘：结,小泉德宏,小泉德宏,广濑铃/野村周平/新田真剑佑/上白石萌音/矢本悠马/森永悠希/清水寻也/优希美青/佐野勇斗/清原果耶/松冈茉优/贺来贤人/松田美由纪/国村隼,剧情,chihayafuru-movie.com,日本,日语,2018-03-17(日本),128分钟,花牌情缘：终结,tt6821870
未来的未来,细田守,细田守,上白石萌歌/黑木华/星野源/麻生久美子/吉原光夫/宫崎美子/神田松之丞/本渡枫/畠中祐/真田麻美/役所广司/中村正/山像香/玉川纱己子/井上肇/加藤虎之介/真凛/福山雅治,动画/奇幻,mirai-no-mirai.jp,日本,日语,2018-05-16(戛纳电影节)/2018-07-20(日本),98分钟/103分钟(戛纳电影节),未来的“未来”/Mirai,tt6900448
命运之夜——天之杯：恶兆之花,须藤友德,奈须蘑菇/桧山彬,杉山纪彰/下屋则子/神谷浩史/川澄绫子/植田佳奈/伊藤美纪/中田让治/津嘉山正种/真殿光昭/小山力也/神奈延年/关智一/浅川悠/三木真一郎/田中敦子/诹访部顺一/门胁舞以/稻田彻,动画/奇幻,www.fate-sn.com/hf,日本,日语,2019-01-11(中国大陆)/2017-10-14(日本),120分钟/119分钟(中国大陆),命运之夜天之杯第一章/命运之夜剧场版1：天之杯/命运守护之夜宛若天堂/Fate/staynightHF/Fate/staynightHeaven'sFeel/Fate/staynight[Heaven’sFeel]I.presageflower,tt4054952
肆式青春,李豪凌/易小星/竹内良贵,永川成基/李豪凌/易小星/竹内良贵,坂泰斗/寿美菜子/白石晴香/安元洋贵/大冢刚央/长谷川育美/白客/彭师欣/唐雅菁/陈颖晖/梁达伟/林美玉,动画,https://shikioriori.jp,日本/中国大陆,汉语普通话/日语/粤语/上海话,2018-08-04(日本/中国大陆),74分钟,诗季织织/FlavorsofYouth/しきおりおり,tt8176578
利兹与青鸟,山田尚子,吉田玲子/武田绫乃,种崎敦美/东山奈央/本田望结/藤村鼓乃美/山冈百合/杉浦诗织/黑泽朋世/朝井彩加/丰田萌绘/安济知佳/桑岛法子/中村悠一/樱井孝宏,剧情/动画/音乐,liz-bluebird.com,日本,日语,2018-04-21(日本),90分钟,LizandtheBlueBird/LizundeinBlauerVogel/莉兹与青鸟/劇場版響け！ユーフォニアム完全新作みぞれと希美の物語/吹响悠风号全新剧场版1,tt7089878
境·界,佐藤信介,羽原大介/佐藤信介/久保带人,福士苍汰/杉咲花/吉泽亮/真野惠里菜/小柳友/田边诚一/早乙女太一/石原贵雅/长泽雅美/江口洋介,动作/奇幻/冒险,,日本,日语,2019-04-19(中国大陆)/2018-07-20(日本),108分钟,境界/死神真人版/Bleach,tt5979872
今夜在浪漫剧场,武内英树,宇山佳佑,绫濑遥/坂口健太郎/本田翼/北村一辉/中尾明庆/石桥杏奈/柄本明/加藤刚,爱情/奇幻,romance-gekijo.jp,日本,日语,2019-02-14(中国大陆)/2018-02-10(日本),109分钟,"星光奇遇结良缘(港)/今夜，在浪漫剧场与你相遇(台)/今夜，在罗曼剧场/ColorMeTrue/Tonight,attheMovies",tt6908760
哆啦A梦：大雄的金银岛,今井一晓,川村元气/藤子·F·不二雄,水田山葵/大原惠美/嘉数由美/木村昴/关智一/高桥茂雄/长泽雅美/大泉洋/山下大辉/折笠富美子/大友龙三郎/早见沙织/悠木碧/三石琴乃/松本保典,动画/奇幻/冒险,doraeiga.com/2018/,日本,日语,2018-06-01(中国大陆)/2018-03-03(日本),109分钟,哆啦A梦：大雄的宝岛/哆啦A梦2018剧场版/DoraemontheMovie2018Nobita'sTreasureIsland/DoraemonNobitanoTakarajima,tt8098546
山茶花飘零,木村大作,小泉尧史,冈田准一/西岛秀俊/黑木华/池松壮亮/绪形直人/柳乐优弥/芳根京子/骏河太郎/渡边大/麻生久美子/石桥莲司/富司纯子/奥田瑛二,剧情/动作,chiritsubaki.jp,日本,日语,2018-09-28(日本),111分钟,飘落的山茶花/椿花散落,tt6926356
小偷家族,是枝裕和,是枝裕和,中川雅也/安藤樱/松冈茉优/城桧吏/佐佐木美结/树木希林/绪形直人/池松壮亮/森口瑶子/山田裕贵/片山萌美/柄本明/高良健吾/池胁千鹤,剧情/家庭/犯罪,gaga.ne.jp/manbiki-kazoku/,日本,日语,2018-08-03(中国大陆)/2018-05-13(戛纳电影节)/2018-06-08(日本),117分钟(中国大陆)/121分钟,Shoplifters/UneAffairedeFamille/Manbikikazoku,tt8075192
犬屋敷 真人版,佐藤信介,奥浩哉/桥本裕志,木梨宪武/佐藤健/本乡奏多/二阶堂富美/三吉彩花/福崎那由他/滨田麻里/齐藤由贵/伊势谷友介,动作/科幻,inuyashiki-movie.com,日本,日语,2018-04-20(日本),127分钟,犬屋/杀戮重生犬屋敷(台)/Inuyashiki,tt6340500
逆光之时,小林启一,小林启一,高杉真宙/葵若菜/清水寻也/金子大地/桃月庵白酒/佐津川爱美/田中壮太郎,剧情,gyakko.com,日本,日语,2017-07-08(日本),67,,tt6215786
